text,label
"""Kaka tidur yaa, udah pagi, gaboleh capek2""",positive
"""makan nasi padang aja begini badannya""",positive
"""yang aku suka dari dia adalah selalu cukur jembut sebelum manggung""",negative
"""Hai kak Isyana aku ngefans banget sama kak Isyana.aku paling suka lagu kak Isyana itu lagu tetap didalam jiwa""",positive
"""Manusia apa bidadari sih herann deh cantik terus ????""",positive
"""@ayu.kinantii isyan skrg berubah ya:( baju nya nakal""",negative
"""Gemesnya isyan kayak tango, berlapis lapis ciaaaa""",positive
"""Makin jelek aja anaknya, padahal ibu ayahnya cakep2""",negative
"""Kok anaknya kayak udah tua gitu ya mukanya kk tasya""",negative
"""Muka anak nya ko tua banget yaa.. GK ngegemesin GK ada lucu2nya""",negative
"""Muka nya muka kolot wkwk bukan muka bayi2 lucu gt""",negative
"""Udah gila sekarang ini orang wkwk, udah jomblo jadi psikolog ga laku, ya jadilah seperti itu""",negative
"""Lo sintingnya udah tingkat dewa""",negative
"""Sepertinya Lutfi setelah putus dgn salsa seperti orang stress""",negative
"""ANAK TOLOL INI MULAI AKTIF YA BUND""",negative
"""bisa mati aja ga? gedeg gua liat lu. ANJIM""",negative
"""Woy Lutfi asu , sok asik Lo ANJING !""",negative
"""Apasih kontol berantem aja lah ayo bngst @lutfiagizal""",negative
"""Ibu kamu pelakor plus hamil di luar nikah ya? Pantesan anaknya kyk gini modelannya""",negative
"""Anaknya udh pinter, maknya yang kelempengan.. berasa masih baby, tingginya azka aj melebihi mamanya..""",negative
"""Anak yg cerdas terbentuk dr pola asuh sekaligus pola didik ortu yg cerdas pula sih pada saranya. Sesimple itu""",positive
"""Setengah iri setengah jadi motivasi ini""",positive
"""Ancur hidup lu kalau sama dia? Sumpah..""",negative
"""serem banget muka lo mel kayak ayam potong merah banget""",negative
"""Yaudah jd pengusaha kuliner aja gausah artis, makanannya emang bikin ngiler sih wkwkw""",positive
"""Kamu emang cocoknya jadi pengusaha kuliner udah fixs. Semoha lancat terusssss""",positive
"""Tak sejelek IMAGE Owner ya..? Artis ups bukan Artis? Hallo secara tidak langsung semua orang itu tau IMAGE lu jelek gentong!""",negative
"""Apaan sih gak jelas hidupnya""",negative
"""Sebelum aku Unfoll, aku mau bilang NAJISSSS""",negative
"""muka lu sensual tapi norak kenapa dah""",negative
"""Udah gk jaman ngebully orang hey netizen mending ngaca dari kekurangan sendiri""",positive
"""Kalau pas penempatannya, sebenernya kamu imut banget loh mel.""",positive
"""Cakep kaga jelek iya HAHAH""",negative
"""jari jari kaki kayak jarinya tukang panggul""",negative
"""Kakinya kek lagi hamil tua ya bun, semacam kaki gajah @ayuugsia""",negative
"""Suka heran sama yg ngehina fisik,, ternyata bener ya kita semua pendosa dengan cara kita sendiri,,""",positive
"""Ini diedit biar langsing padahal mah klo live bomber badannya""",negative
"""Kakinya gedong sayyy kek kaki jantan? Upp kan dia suka berbaur ama warwerwor.. Mahluk astral.. Yg kakinya gedong""",negative
"""Bagusan foto pakai masker drpd gak pakai masker""",positive
"""@rosameldianti_ kakak foto sebelum ini. kenapa Memeknya Keliatan Tebal???? Memeknya kakak Lagi Bengkak yah???""",negative
"""Bra nya kedodoran kak make ukuran gede yaa""",negative
"""Nah ini cantik seneng. Usahanya membuahkan hasil. Semangat ya mel semoga menjadi pribadi yang lebih baik lagi""",positive
"""mba bisa gk sih, kalau gk merem melek gitu matanya kaya orang cacingan""",negative
"""Semoga lancar terus usahanya mel""",positive
"""Cantik banget kalo meldi muka natural kek gini""",positive
"""Lu diem aja cantik mel kalo ga banyak gaya serius""",positive
"""Kaku kek kanebo kering hahaha""",negative
"""Semakin glowing say? natural kayak gini bagus tambahin prestasi nya ya say""",positive
"""Meldi, emaknya buka klinik totok aura kayaknya anaknya gak pernah ditotok ya? auranya gak keliatan yg ada malah butek""",negative
"""Karena muka lo pasaran mel, di pasar sapi juga ada yang mirip noh""",negative
"""Maap kalau gua sering nyamain lu sama dugong soalnya emang mirip""",negative
"""Iya lo kamu mirip monyet mel""",negative
"""Bagusan pantat panci aing atuh anjir""",negative
"""Ya emang ga ada yang sama soalnya muka kamu sama dengan muka badak, muka beton, ga ada malu,,,""",negative
"""Kok mbak meldi sekarang tambah cantik ya rahasianya apa..""",positive
"""Lengannya gempal banget sih HAHA""",negative
"""Fix yang komen semua nyela""",positive
"""Udah ka gausah digubris gausah dipikirin. Bersyukur aja sama nikmat tuhan yang udah dikasih ke kaka. Gausah juga ngatain orang ka, tetep bersyukur atas nikmatnya""",positive
"""Jari jari nya gede gede banget, apalagi pas ngiklan makan ikan danau hambar, jarinya kayak jempol semua hawak bener""",negative
"""Jangan disamain muka @rosameldianti_ sama orang oi. Mintanya disamain sama babi""",negative
"""Ga ada yang dibawah Meldi, semuanya setara, ada kekurangan ada kelebihan""",positive
"""Ka mel gausah merendahkan orang lain. Bersyukur aja diatas langit juga masih ada langit lagi""",positive
"""Mukanya kalau gak dibantu kamera dekil dan kumel""",negative
"""Semua wanita cantik, jangan suka merasa lebih ah""",positive
"""Meldi udah dapat kontrak endorse skincare ya tapi kok mukanya tetap jelek si?""",negative
"""Gila Netizen pada sempurna ngehina orang terus""",positive
"""Semua dah pada ngembang? habis di berapa cowo meldi?... enak ya di otak atik""",negative
"""Karena muka kayak elo pasaran dan murah?""",negative
"""Muka buluk kepedean lagi.. muka udah tua""",negative
"""Muka lu kaya tai wkwkwk""",negative
"""Sakit jiwa ini upil gajah? Kasihan""",negative
"""Jelek macam buntut kuali hahaha""",negative
"""Meldi tambah kurusan sekarang ya??? Cantik walaupun tanpa make up?""",positive
"""Elu juga semoga semakinlebih baik dalam segala hal, terutama akhlak dan etikanya""",positive
"""Mbak mell sehat dan sukses ya""",positive
"""Aamiin. Doa baik juga untuk Meldi""",positive
"""Selamat tahun baru mbak, semoga jadi pribadi yang lebih baik amin""",positive
"""Meldi ini lama lama cantik loh tinggal dibenerin akhlak dan adabnya pasti makin sip""",positive
"""Pengambilan fotonya sudah bagus mantap dan keren.. tinggal pengambilan ARWAH nya aja yang belum""",negative
"""Nggak ada cantik-cantik nya hahaha""",negative
"""Kasian editornya sih ini, nanggung dosa banget kayaknya ngeditnya offside gini""",negative
"""Lama lama mirip dewi persik ya""",positive
"""pada julid padahal kan meldi gak nyusahin kalian""",positive
"""ini foto apa w masukin museum aja ya ga ada pantas2nya""",negative
"""Nggak ngumpul bareng mami isa lagi kan kamu yang paling gembrot disana""",negative
"""Lagu lu ga ada yang laku ya mel??""",negative
"""Lututnya masih hitam gosok maning biar tambah cling dan cantik""",negative
"""Suka heran sama warga +62 sukanya ngehujat orang mulu, dapat pahala kagak dosa mah iya""",positive
"""Tambah cantik aja rosa meldianti""",positive
"""Jadi diri sendiri, jangan jadi ular apalagi dugong""",negative
"""Saya kok suka ya sama mereka harmonis""",positive
"""Cantik banget kalau pakai baju kayak gitu""",positive
"""Jujur ya kamu kalo anteng ga buat masalah cantik mel""",positive
"""Cowoknya ga ada cakep cakepnya""",negative
"""Di foto tirus.. Kalo di video wariorr kok mukanya kek donat gak ada bentuknya""",negative
"""Dari sekian banyak foto yang diposting, ini yang paling cantik""",positive
"""Artis abal-abal.. Muka putih tangan hitam? ager2 ATM nya udah isi berapa sekarang""",negative
"""Itu muka kayak penuh tekanan banget""",negative
"""@rosameldianti_ cowokmu wajah nya culun dan cupu kayak om2""",negative
"""Masyaallah cantik terlihat sopan dan anggun""",positive
"""Kang ojek kali belang tangannya""",negative
"""Seneng liat pasangan ini cewenya di hujat 1 indonesia tapi dia tetep setia nemenin""",positive
"""Dia memutuskan menjadi tumbal apartment""",negative
"""makin cantik mel, semangat dietnyaa""",positive
"""Itu tangan apa paha haha?.""",negative
"""Mel disini kamu keliatan cakep""",positive
"""Mukanya kayak lagi ngeden pas boker""",negative
"""Aduuh.. terlalu halu.. hhahaha lebay editan nyaa lemak kemana lemak? hahhaaa.. mimpi ketinggian..""",negative
"""salfok sama kaki, tapi cantik banget asli""",positive
"""@_dy1412 buset cantik diedit aja mba, coba dah aslinya dah kayak buntelan kentut?""",negative
"""atas bawah hitam putih, kek kopi luwak""",negative
"""Palsu badane diedit semua tu, aslinya dimana2 lemak""",negative
"""Udah dapat kontrak dari skincare ttp aja buluk mel""",negative
"""heran sama netizen klo gk suka jangan diliat aja""",positive
"""sukses selalu yah ka @rosameldianti_ semangat""",positive
"""Jujur aku lebih suka meldi yang sekarang daripada yang dulu suka ngehujat orang""",positive
"""sumpah aslinya muka lo lebar kayak baskom loh mel @rosameldianti_""",negative
"""Berkarya teros meldi walo ga ada yg nuntun kamu.""",positive
"""Astaghfirullah, seram sekali ya bun seperti ular jelmaan makhluk halus ya bun""",negative
"""Dan yang paling saya heran cowokpun ikut ngebully, sabar meldi.""",positive
"""Astaga? Ratu edit muka.. Sumpah seren kayak film setan2 gitu?..""",negative
"""Matanya kayak katarak anjir AHAHAH""",negative
"""Caption aja COPAS! Cantumin credit dong, dasar iblis""",negative
"""Unfoll aja daripada kalian dosa ngebully2 terus..""",positive
"""Meldi aku perhatikan kamu seperti orang china deh.. cantik""",positive
"""Editan softlensnya keluar itu mbaknya, kayak ratu titisan ular kamu wkwkwk""",negative
"""Kasihan ular dibawa bawa kamu gak pantas jadi ular pantasnya jadi bunglon atau buaya..""",negative
"""Maju trus ya sayang.. abaikan orang2 yg comment menyakitkan""",positive
"""Kasihan ya kamu @rosameldianti_ Hidup sekali cuman buat bahan hujatan masyarakat? Mubadzir banget deh hidup lo? Napa gak bunuh diri aja?""",negative
"""Semangat mel, bahasa asing mah yang penting kita berani pasti entarnya bisa""",positive
"""Beda sama d foto yaa.. Disini lebar banget mukanya maaf itu kalau foto editan ya""",negative
"""Meldi meskipun kadang mulut ku tak bisa di rem karena kehaluanmu, tapi aku bangga akan berusaha mu, yuhuuu""",positive
"""Lupa di edit ya tu muka melar""",negative
"""Semangatt, kesalahan dalam belajar bahasa asing itu penting. Karena itu pembelajaran utamanya, supaya kesalahannya ga terulang""",positive
"""Kereennnn.. dari bully.an netizen menjadikanmu mau belajar""",positive
"""Hiiihhh jiik lihat nih orang? auranya buruk bgt gak ada manis manisnya""",negative
"""Semangat untuk belajar ya? saya uga gak bisa bahasa inggris""",positive
"""Yang penting ada niat.. dan keberanian""",positive
"""Salut Mel.. semangat belajar, yg ngetawain juga belum tentu bisa Dan berani..""",positive
"""Gpp Mel semangat buat belajar trusssss jangan gampang nyerah pokoknya @rosameldianti_""",positive
"""Setidaknya dia ngaku. bukan belagak pintar""",positive
"""Masih jauh kalo ngarep bisa ikutan kontes miss earth , makanya dari kecil les inggris biar lidahnya gak keseleo""",negative
"""Cuma di postingan ini ya bund netizen sedikit yang menghujat""",positive
"""Happy birthday Mel sehat dan Sukses yah, Aamiin""",positive
"""Happy Birthday kak Meldi yang imut n ngegemesin. Tambah sukses selalu""",positive
"""Ya ampun ketiak dan lemaknya editan parah wkwk""",negative
"""Ketiaknya habis di amplas mel, alus banget""",negative
"""Udah diedit gitu, ketiak lu tetap hitam""",negative
"""Selamat ulang tahun mel, udah yah jangan banyak tingkah""",positive
"""Mukanya kuning banget kaya kunyit""",negative
"""Selamat ulang tahun meldi sukses dan sehat terus ya?.""",positive
"""Fotonya lainnya jangan yang ini, kan masih banyak yang lebih cantik ihhh biar gak kena hujat kamu ihh, aku mah kasihan""",positive
"""HBD meldi? Semoga sukses selalu dan panjang umur dan rejekinya di lancarkan.. Amin""",positive
"""Perasaan kemarin lengannya kekar banget kek petinju, udah gitu ketiaknya juga hitam. Kok difoto ini lengannya jadi kecil, ketiaknya putih kek dibedakin""",negative
"""Selamat Ulang Tahun kak @rosameldianti_, banyaknya sadar dan jangan pansos lagi yah. Amin""",positive
"""Hbd cantik semoga kedepannya tambah sukses""",positive
"""Hbd mbak mel tambah cantik di panjangkan umurnya dan sehat selalu""",positive
"""berdiri di kaki sendiri lebih baik""",positive
"""Biar di edit2 kaya apa juga tetap aja ketiak hitam nya ga bisa di bohongin""",negative
"""Sumpah demi apapun.. Lengan nya gede banget""",negative
"""Selamat ulang tahun panjang umur sampai ketemu dajjal""",negative
"""Ketiak hitam buluk mau lu edit nutupin daki diketek lu tetap aka hitam ketiak lu, dasar Dugong @rosameldianti_""",negative
"""Di atm tinggal 150 ribu aja banyak gaya lu dugong""",negative
"""Gak ada bagus2nya suara dan polanya?.""",negative
"""Si Meldi jelek aja banyak gaya. Beda banget sm tante n sepupunya yang udah jelas2 cantik""",negative
"""Tapi dia sekarang dah berubah gak kayak dulu kalau yang gue lihat""",positive
"""Ngedit ketiaknya berapa lah dah itu ya ampe ngeblur pisan.. Putihnya kek cat tembok""",negative
"""Aduh dugong masih aja gila filter?.""",negative
"""Sekarang bukan muka aja yang didempul, tapi ketiak juga""",negative
"""Kasian kebelet artis tapi gak punya bakat""",negative
"""Yang merasa peliharaannya lepas, tolong diangkut""",negative
"""Miris banget? ultah bukan didoain yang baik2 tapi tetap di bully kasian !! God bless u mel""",positive
"""Mudah mudahan lu jadi gembel. Amin ya Allah""",negative
"""Ketiaknya hitam dikasih bedak jadi nya abu"" monyet""",negative
"""Heran gua mah kalau gasuka gausah di follow dah tau ni akun private kalo lu tetap follow dan ngebuli tanda nya lu sirik. Gasuka ya gausah diliat, kaya dirinya sempurna aja""",positive
"""Gua berharap lu aja si yg sakit bukan laura lol""",negative
"""Harusnya lo aja yang menderitaaa bukan lora anj!!!!!!!!!""",negative
"""GAGA SEMPET BENERAN LORA LO TINGGALIN, LO ORANG PALING JAHAT GA!!!! LO GAK BAKAL BAHAGIA GA""",negative
"""Lu bener' ga.kalo sempet nyakitin lora gue santet!!!!!""",negative
"""Si gaga kok kek anjing""",negative
"""Semangat gaga, jangan liat kebelakang fokus aja kedepan, masih muda masih banyak yg lebih baik juga.""",positive
"""Gak ada cantiknya. Gila yang ada""",negative
"""meldi makin bersinar yaaa, pertahanin karir jgn di sia siain""",positive
"""Tetap semangat?. sebaik apapun kamu akan dalah Dimata pembenci?..""",positive
"""Asli gak ada bebet bobo ni anak. kasihan sekali.""",negative
"""kumat? lama semedinya segini keluarnya""",negative
"""Tangannya hitam? beda ama muka""",negative
"""Kok meldi di foto aku gendut beda""",negative
"""Gatau sih, cantik tapi gak ada aura nya sama sekali . Cantik tapi idih gitu lihatnya , kenapa yaa ??""",negative
"""Baik buruk nya kamu akan tetap terlihat buruk di mata mereka yang ga menyukai mu..""",positive
"""Gila ni siluman,, di story orang lain keliatan banget tumpukan2 lemaknya, buriknya apalagi""",negative
"""Dasar Bego lu.. gua jijik sama lu bro kayak gak punya otak banget""",negative
"""Lo kira lo bagus tuh begitu anjing wkwkw""",negative
"""Di maafin aaa? semoga dia jera untuk kedepannya?""",positive
"""Eh bocah mending Lo mati aja GAK guna juga ada orang kayak lo hahahahaha""",negative
"""Btw yang video tapi boong itu dia buat nya tahun lalu bukan pas masalah yang sekarang kalau gak percaya lihat tribun news jadi jangan hujat dia lagi ya""",positive
"""Okay bro kalem aja, tetap semangat dan jangan putus asa""",positive
"""Lu Mati ajalah . Udah biar gak bikin ribet""",negative
"""SAMPAH MASYARAKAT HARUS DI MUSNAHKAN SEGERA""",negative
"""MATI KAU NAJIS KONTOL BANGSAT MATI KAU""",negative
"""youtuber toxic, tutup akunmu sekalian tutup usia""",negative
"""Pada ribet kayak udah pada benar aja lu semua""",positive
"""Jangan ada hitam diatas putih. Langsung proses""",positive
"""Kalau sayang sama anaknya ya di serahkan aja ke polisi biar di didik sekalian""",positive
"""Manusia apa hewan sih kok gak punya hati banget""",negative
"""Manusia anjing. Nyari uang gitu amat. Lo kerja aja sama gue nyebokin gue ntar gue gaji lo.""",negative
"""maklum anak kurang pendidikan kayak gitu gak punya akhlak""",negative
"""Anjing memang anak gak tau diri. ibunya sampai nangis2""",negative
"""oi babi gue bunuh lu kalau sampai kelihatan sumpah""",negative
"""Heee sampah lu udah gua maafin TAPI BOONG GOBLOK""",negative
"""ANJING SINI LO BAKU HANTAM AYO""",negative
"""Bangkit ya bang jangan lemah buat pelajaran dan ujian buat lu jadi yang lebih baik lagi bang""",positive
"""Jangan patah semngat kak sukses terus""",positive
"""Semangat Ferdian gausah dengerin orang yang hujat kamu, karena semua manusia tidak luput dari kesalahan""",positive
"""Sumpah sekarang aku respect banget sama kamu""",positive
"""Menurutku pribadi, dia tulus minta maafnya?.""",positive
"""DIKASIH BIDADARI MAUNYA BONEKA SANTET""",negative
"""Ilang respect gue.. padahal jane udh setia bgt sama lu, tapi lu nya main cewe pas udh keluar dri penjara.. lol""",positive
"""Hapus ajh ni poto ngk tau malu bgt lu bang""",positive
"""Intinya gasuka ajg selama ada listy . Ngrusak suasana""",negative
"""Di foto ini ada 2 anjing dan 1 kontol""",negative
"""kasian banget Jane udah nunggu keluar penjara eh taunya :), waw sakit siih""",positive
"""Puny cewk baik di selingkuhin g ngotak""",negative
"""Inget yg di potong itu masalah nya bukan hubungan nya, tapi kalo udah gini sembeleh aja orang nya :) udah terlanjur kecewa""",negative
"""Ini buat konten.. masa putus foto tabi sama jessica engga dihapus ?""",positive
"""Tiap mau makan dibikin ama jess tpi malah ngehianatin gila sih""",positive
"""Parah lu bang nama lu udh rusak karna narkoba malah nambah masalah ajh truss""",positive
"""Ini anjing Kok mirip ya sama Erick""",negative
"""Muka Pas""an sok sok an mau sm lonte lo anjing""",negative
"""Lu sama anjingnya, lebih baik anjingnya""",negative
"""IH ADA BABI JGN MEGANG TUH ANJING HARGA DIRINYA LEBIH TINGGI DRIPADA LO""",negative
"""Santuy aja bang ga usah di tanggepin,btw gw suka gaya lo""",positive
"""Narkoboy kontol, Cuma bisa maen cewe sama nyakitin doang lu anjing, mati aja lu bego""",negative
"""TETEP PENJARA AJA AJG NYUSAHIN LO KELUAR""",negative
"""cewe cakep, setia kok disia sia in sahabat""",positive
"""loh kok ak liatnya anjing semua yaa""",negative
"""Anjingnya ada dua kok guys, tapi kok lagi satu gue liat ada babi item""",negative
"""Mantan Anjing, eh kebalik anjing mantan""",negative
"""Bikin skandal karena kepengen tenar?""",positive
"""Wiii anjay kapan lagi liat babi megang 2 anjing""",negative
"""Ini adalah foto babi sedang memeluk anjing yg pemilik nya adalah bidadari""",negative
"""Babi g pantes nyentuh anjingnya bidadari, nanti kotor.""",negative
"""SESAMA ANJING FOTO DULU YA KAN""",negative
"""potret seorjing memegang anjing kwkw""",negative
"""HEH UDH NAPA HATE NYA CAPE GW BACA NYA""",positive
"""WADUH MALAH LEBIH GANTENG ANJINGNYA. EH EH BAHKAN LU GA PANTES DISEBUT ANJING. ANJING KAN SETIA PANTESNYA SIH BABI HAHAHAHA""",negative
"""kalo lomba sama""an sm babi, babi nya nmr 2""",negative
"""Si anjing ketika berfoto dengan si anjing""",negative
"""Kak jessica yg nungguin+setia sm kk loh pas ad masalah kmrn. Tapi kk ga ngehargain malah lbh milih yg d sono""",positive
"""erikontolim manusia babi anak lonte""",negative
"""HARGAILAH HATI WANITA YANG UDH TULUS NEMENIN LO DARI 0!!!""",positive
"""Tapi bagus sih erick mutusin Jessica ya karna Erick kelakuan ny begituu coba liat Jessica""",positive
"""Anjing sekarang hebat ya, bisa pake kacamata""",negative
"""Sdh lh nasi udah jdi bubur ga bisa lagi dibentuk kek semulaaa""",positive
"""Kukira kehadiranmu akan menjadi sesuatu kebanggaan, ternyata tidak""",positive
"""Ada 3 Ajg Dan Yg Punya Tato Bener2 Ajg""",negative
"""dasar orang tua gada akhlak,ngajarin anaknya yang ga bener""",negative
"""Erik kenapa sih? Ada yang bisa jelasin gw ga update soalnya.. maap2""",positive
"""Eh jangan dekat dekat sama anjingnya ci Jessica gua lempar lu""",negative
"""guys dr pd comment2 mending unfoll sm unsubscribe aja yaa""",positive
"""Babi lagi main ma anjing :)""",negative
"""Dikasi BIDADARI MALAH PILIH BABI""",negative
"""Postingan pertama jg dihujat dong gila netijen""",positive
"""BARU KALI INI LIHAT ANJING SAMA BABI BAIKAN?""",negative
"""Dikasih bidadari malah milih setan""",negative
"""Padahal gw g mau benci ama lu bro, tpi ada aja tingkah lu yang melenceng:(""",positive
"""SIKAP MU LEBIH NAJIS DARIPADA LUDAH ANJING!""",negative
"""Njir meskipun udh lama nih poto di post tapi masih banyak yg komen baru2""",positive
"""kesini cmn mo liat komen aja""",positive
"""Buset hate comment ampe postingan paling bawah""",positive
"""Foto di upload nya 20 maret yang comment 1 jam 2 jam 3 jam yg lalu""",positive
"""Pantes banyak utang buat bayar lonte""",negative
"""2 3 tutup botol muka lu kek kontol wkwk""",negative
"""astaga masih pagi dibikin ngakak ama komenan netijen yg ngmng suka bener""",positive
"""Dah lah. Gw capek baca komen kalian""",positive
"""Keliatan bgt anjingnya ketakutan foto sama dakjal""",negative
"""Astaga ngehujat sampe postingan paling bawah""",positive
"""Lebih najis elu daripada anjing!""",negative
"""2 ekor anjing dan satu buaya makan jambut""",negative
"""Kalo disuruh melihara anjing/eric gw pilih anjing aja meski Najis tapi lebih najisan erick kontol""",negative
"""Ngapain si pada ngejudge? Mikir dulu lah dia putus juga sebelum kejadian itu tolol""",positive
"""Hargai wanitamu dia didekati banyak pria tetapi tetap memilihmu""",positive
"""Ternyata sipat anjing bukan hanya ada di anjing doang ya,di manusia sipat anjing juga ternyata ada""",negative
"""Potret ketika anjing poto dengan setan""",negative
"""BANTU BEDAINN WOYY MANA ANJING MANA BABI""",negative
"""Udaah woii udahh lu gak kasihan apa?. Aku capek ngelike komenan kalian""",positive
"""3 anjing 1 anjing berwujud manusia, 2 anjing asli tak ada perwujudan aowkwkw""",negative
"""Kasian gue sama anjingnya dipegang dajjal""",negative
"""Kasian anjing nya di pegang babi""",negative
"""Lo itu kontol gak guna ajg anak dakjal""",negative
"""mukak lu lebih buruk daripada anjing lu""",negative
"""dikasi yang bening malah milih yang dakian""",negative
"""Mending masuk penjara lagi aja dah seumur hidup""",negative
"""Kok lbih lucu anjingnya ya ktimbang orangnya""",negative
"""Akhirnya jesica bisa lepas dari kambing hitam ini""",negative
"""Maafin Aja Bro Semua Orang Pasti Ada Kesalahan Dia Juga Pasti Ada Kesalahan Nasehatin Aja Siapa Tau Dia Berubah""",positive
"""Kasian anjingnya dipeluk sma sampahh""",negative
"""Gua kira keluar dari PENJARA bisa berubah""",positive
"""Cintamu hanya sebatas kertas wkwkw enteng bang""",positive
"""Padahal sejak dia sama Jane aku lebih respect :( skrg bener2 udah hilang respect :(""",positive
"""udah nemenin dari masa tersulit lo pas udah keluar malah selingkuh, ga nyangka idola gua sesampah itu.""",negative
"""Dihujat habis""an semua postingan lama ada komen baru wkwk""",positive
"""Gua gabisa bedain mana anjing mana manusia, keliatannya sama""",negative
"""Lu mirip anaknya kick andy yg namanya marlo bang""",positive
"""Kenapa ada orang baik ? Karna ada orang jahat""",positive
"""Ngga ada niatan ngadain pengajian gitu bang?""",positive
"""Suka banget sama rambutnyaa tambah ganteng""",positive
"""@abatartila Ada ada aja kaya gini di bilang king, king muke nya udh kaya tai musang""",negative
"""Ninggalin berlian demi tai babi dih""",negative
"""ganteng kaga lu begitu malah keliatan kaya daki kontol""",negative
"""Mukak lo kayak tapir kuda asu sok ganteng banget lo""",negative
"""Banyak yg kecewa karena lu begini rik!!!!""",positive
"""Maap ye?muke lu udh jelek kaga usah sok selingkuh,cakepan anjing gua noh""",negative
"""Apa si hebatnya banci yg badannya penuh koreng kaya lo""",negative
"""Gini dong bersihan kaga kek tahun tahun sebelumnya dekil""",negative
"""Muka lu keriput kek aki aki""",negative
"""Foto jelek dihujat, foto ganteng dibilang sok ganteng""",positive
"""kebanyakan nyabu jadi kurus lu""",negative
"""NARKOBOYY NGELUARIN LIDAHH, AJG MAU APA, MAU TES URIN""",negative
"""Fotolu pede anjrit muka lu tu anjrit""",negative
"""Hidup itu jngn keterlaluan boss playboy amat ajg luu""",negative
"""Mukalu kek aktor bokep bgst mending ngobat aja luu""",negative
"""dah jelek semangattt pulak WKWK""",negative
"""Muka nya kok gitu, seren bikin mual liatnya""",negative
"""Sana anjing ngewe ama lonte bangsat""",negative
"""Muka kek kontol mending di penjara""",negative
"""muka kek banci dih najis""",negative
"""Ntar Mati dalam keadaan konyol""",negative
"""mau bilang jelek nya ga enak hehe ?""",negative
"""Idihhhhh pantesan aja foto nya keluarin lidah kyk gtu. Trnyata tukang jilat?""",negative
"""NIH ORANG KALO LOMBA MIRIP BABI,BABINYA JUARA 2""",negative
"""Titisan dakjal emg lo nyet""",negative
"""Et muka lu aje gitu dih hahaha. Biarin aja sampah ketemu sampah biar busuk bersama""",negative
"""Jijik astagah sok bat cakep njs""",negative
"""Bully an di ig lebih ngeri daripada di fb ajg gua jadi ngerii! Ajgg",positive
"""udah buriq brengsek pula pantes aja dapet lonte""",negative
"""MUKA KAMPUNG GAYA SOK SOAN KOTA NYET""",negative
"""Ngapa lidah Lo stroke amin deh kalau gtu""",negative
"""Ciah dihujat 1 Indonesia jangan sampe bunuh diri ya komtoll kami blom puas nguat kauuu""",negative
"""Org kampung otak dusun gaya sosoan hype. Ttep aja gabisa nutupin muka babu lu.""",negative
"""Cowo foto liatin lidah nya jam ah jijik gue. Apa lagi minus akhlak kek gini""",negative
"""ANJING gue jg ogah liat muke lu""",negative
"""G bole melet dosaa rik""",positive
"""paan melet melet mau jilat tai tabi?""",negative
"""Setan emg melet2 teross jijik asuuu""",negative
"""ni anak lahir krna kondom bocor.. ga ada rasa syukur muka kyk selangkangan gorilla dpt cewe cntik kyk jessica setia dll malah di sia2in bgsad""",negative
"""Apaan si melet2 sok ganteng""",negative
"""Muka kek slangkangan biawak aje bnyk blagu lu""",negative
"""Sumpah sih jahat banget. Bener2 kasian sama kak jessica""",positive
"""Anjing gk pantes sama bidadari.""",negative
"""MELET MULU SETAN KAYA ULAR""",negative
"""Njr melet melet gw kirain hewan""",negative
"""Gtu aj dh kek anjg lo kang""",negative
"""Gw kesini pengen liat babang ini.. Sumpah feeling gw bener.. Mirip banget ama Reynhard Sinaga""",positive
"""Ih ko melet2 si kaya hewan aja wkwkwkwk""",negative
"""Iuu milih iblis drpd bidadarii kwkwkw jyjyq""",negative
"""MELET2 UDAH KAYA ANJING, EH KAN EMAH ANJING""",negative
"""ga nyadar aja nih sampah HAHA""",negative
"""Lidah banyak kuman and virus nih""",negative
"""Awalnya ngira baju endorse dari KFC, mirip '-'""",positive
"""GUA MAU LO TERUS BERKARYA , PERBAIKI, TINGGALKAN YG NEGATIF , TIDAK ADA KATA TERLAMBAT , TTP JADI ORANG YG HEBAT DAN SELALU BAHAGIA @xrickolim""",positive
"""Cita cita ingin jadi pakboi , eh tapi malah jadi narkoboy nasib-nasib""",negative
"""Napa lu balik dari penjara sih?""",negative
"""Mending lu pada tobat dah""",positive
"""selama dipenjara apalo sikat gigi? KOK BAU YA, BAUBAU AROMA BANGSATTTT""",negative
"""Gigi lo ada apanya? Jigong? Atau kondom nya nyangkut?""",negative
"""ih mukanya kek anjing rumah gwa""",negative
"""woi anak anjing ngapain lu hidup bgst""",negative
"""Udah jelek gak usah d jelek2 in lagi bro""",negative
"""Ganteng kagak berbakat juga kagak kelebihannya dimana cobak?""",negative
"""Benci aja Ama orang jelek pake selingkuh segala""",negative
"""Udah tutup mulut nya bau kambing""",negative
"""Jualan jualan knp ngga jadi yutuber lagi bro takut ngga ada yg nntn yah""",negative
"""Kayak Randy Pangalila klo gk pake kacamata""",positive
"""Entah knp liat muka BG Eric sekarang kaya enak gitu .. dari pada yg dulu""",positive
"""Apa ganteng nyasih anjing.. Kucel gini jadiin model""",negative
"""keknya dia ngeliat masa depan yang hancur deh""",negative
"""INGETT HIDUP LO DULU GA SEENAK INI RIKKK. HIDUP LO SUSAH!!!! SALAM TEMEN SMP PAS LO BURIKKK. EH SKRG SAMA AJA""",negative
"""Yaaaa yaaa kalo liat muka nya sumpah ngeselin banget dah?.oprasi dulu sono..biar gantengan dikit.. Dan kalo jln ke mall gk di kenal orng.""",negative
"""dia ini siapa sih??? Artis bukan, jelek mah iya mukanya iyuhhh""",negative
"""Ini bukan era lo lagi, mending lo mati aja babi. Kalo baca bales nyet""",negative
"""Saya segenap hati minta maap""",positive
"""Dulu Bahagia Sekarang Banyak Utang""",negative
"""Harus lebih maju berkelas rik!! Ga jamannya lg toxic dan ga beraturan.. build sistem!! You will be BIG""",positive
"""editan sama konsepnya nice banget lahhh""",positive
"""iri kok sama babi hahah najis""",negative
"""LO YANG DULU BUKANLAH YANG SEKARANG DULU KAYA ANJING SEKARANG KAYA BABI""",negative
"""Jelek aja tukang selingkuh lo buriq !""",negative
"""kok kalian komennya pada kek gini ya""",positive
"""Rick lu tuh jadi manusia kek gk ada gunanya lu dilahirin kedunia untuk berbuat baik, sayang nya lu ngecewain org lain gimana mo masuk surga""",negative
"""Kalian kaloga cocok mau di paksain?""",positive
"""ya biarin @xrickolim kita gatau gimana aslinya masa kalian semua ambil keputusan sepihak?kalo udah takdir gaada yang bisa nentang njir""",positive
"""Cocok kok, emang orang baik mah buat org baik, kalo yg bejat mah emang cocok buat yang bejat juga ehehe""",negative
"""ERICK GOBLOK,MALAH PACARAN AMA LONTE ANJ,SO BAT""",negative
"""Cocok banget sama2 orang gak bener biar lah dia hancur bersama""",negative
"""EH KEK ADA PENAMPAKAN LONTE""",negative
"""Meninggalkan berlian demi Tai Sapi""",negative
"""Ini bukan era lo lgi, wkwkw skrng lo penuh dengan cacimaki, telen ludah sendiri""",negative
"""Pantes disini mulainya si ajg berulah""",negative
"""Open BO ga bang si listy? Kebetulan ada om-om yg nyari cwe yg udah pengalaman!!!!""",negative
"""Buah nangka buah kemanggi gak ada akhlak lu babi""",negative
"""Perlahan karirmu ancur bro dan lu akan kembali kebawan""",negative
"""Biarkan @sk69official bangkrut aja. CEO nya gatau trimakasih haha""",negative
"""ngapain juga nginap di rumah cowo, gaada keluarga lg lo?""",negative
"""Eh ada pelakor, pas banget frame ke tiga, orang ke 3""",negative
"""Anak gblk dikasi berlian malah milih kerikil""",negative
"""Dikasih bidadari malah milih dajjal awokawok:v""",negative
"""Jangan cuman bisa ngehina Dong Sadar Kalian Itu Ga sempurna sama kaya kami""",positive
"""Kesihan gue sama org otak dangkal kek gini""",negative
"""Murahh banget lo jijik gue ?. Dikick EVOS mlah open BO""",negative
"""senengnya sekali nyesel nya seumur hidup, miris banget hidup lu tolol meninggalkan berlian yang indah dipandang dan di sayang demi segumpal tai kucing""",negative
"""Indahnya pemandangan banyak LonT lonT mau di jual""",negative
"""bidadari sudah ditunjukan , bahwa mmg g pantes sma dajjal g tau diri""",negative
"""siapapun tolong kasih tau aku ini masalah nya apaa gais""",positive
"""dikasih hati yg malaikat milih yg berhati iblis greget:(""",negative
"""Di kasih bidadari malah pilih kotoran""",negative
"""Dikasih bidadari malah minta lonte""",negative
"""Gajadi beli Model murahan barang pasti murahan""",negative
"""Modelny aja murahan apalagi barangnya""",negative
"""muka macem pengamen gegayaan selingkuh, untung udh ga sm jane lg, kebanting sm jane muke lu""",negative
"""Males beli gua,gara gara ada lonte""",negative
"""Padahal bulug gini ya mukanya.. ehh,, maaf..""",negative
"""Padahal cantikan jessica kemana mana""",positive
"""Dikasih bidadari malah milih sampah""",negative
"""yaelah muka pas""an aja bangga lu njing""",negative
"""Wah ibarat lebih milih iblis daripada bidadari haha""",negative
"""@rangga_kanahaya knp gk truck sampah, kek mukanya sampah""",negative
"""Gajadi beli, takut ketularan lonte nya""",negative
"""hanya bisa melihat hujatan klean kasian si listy kontrak nya d copot , di hujat memang dunia sgt kejam""",positive
"""Jangan beli baju lonte entar kena sial""",negative
"""Dasar cewe lo itu LONTE tau kau!""",negative
"""Disini pada kenapa dah? Aku gapaham tolong""",positive
"""Itu ditengah manusia apa monyet kok kulitnya bercorak batik""",negative
"""Muka lu sama anjing gwe..lebih ganteng anjing gwe rik""",negative
"""Buat kalian para pens lonte jgn tkut listi Miskin krna dipecat, krna dia bsa kaya lgi, dgn cara ya nglonte""",negative
"""Etdah ninggalin yang baik demi lonte, situ waras mas wkwk""",negative
"""Gw melihat cewek murahan di postingan ini""",negative
"""yang kedua dari sebelah kanan itu batik apa orang dah? kok warna nya kek taek babi si?""",negative
"""Ih ko muka jelek banget siii serem kek setan""",negative
"""Itu yang foto ketiga jablay murahan bukan?""",negative
"""Jelek aja tukang selingkuh lo buriq !!!!""",negative
"""Emang kalian se suci apa sampai nghina dia segitu nya""",positive
"""Mending yang follow pada unfollow Udeh gausah ribet""",positive
"""Dekil tatoan, mampus karir Lo hancurr pantek""",negative
"""Udah ada berlian malah milih batu nisan""",negative
"""Alasan setan ama setan, KARNA KALO SETAN SAMA BIDADARI, SAYAPNYA RONTOK, DICEKER, DIGIGIT, DIJAMBAK2""",negative
"""Lagian juga Erick gak ada akhlak jelek lagi Listy juga jelek""",negative
"""Setan ma setan mahh emg cocokk udee""",negative
"""Lonte kurus pucet kek mayat hidup""",negative
"""Itu muka apa tutup panci wkwkekek jelek nya ampe ke ubun ubun""",negative
"""@xrickolim smngat trus bro tiada manusia yg sempurna kmu pasti bisa bangkit n jadi lebih baik GBU keepstrong""",positive
"""bego anak orang udah ga perawan noh gara"" lu wkwkw""",negative
"""Frustasi..Sudah habis uangnya..Kasihannn""",negative
"""Bro buat lu pada yg ngehujat erick tpi masih punya masala sendiri jangan sok keras""",positive
"""Semangat Rick untuk usaha barunya""",positive
"""Hadehh muka kaya tong sampah .""",negative
"""banyak banget omongan kasar disini, tobat lah kawan kawan.. cukup comment kasar nya""",positive
"""Ni org jelek ga ada obat.kok jj mau liat apa ya..""",negative
"""Semangat bang, walaupun banyak orang yang ngejudge lu. Jangan peduliin mereka""",positive
"""Tuhan yesus baik semangat rick""",positive
"""Jangan di bales komen hate bang bikin sakit jempol, mending lanjut berkarya:)""",positive
"""Eh lo nyadar ga ? Udah dekil terus tatoan, jadi nya kaya daki haha""",negative
"""jelek dapet selingkuhan jelek juga keren yaa imbang wkkw""",negative
"""Wah ngehina fisik ni orang,ga bener ya wkwkwkwk""",positive
"""BUNUH DIRI LAH SONO GOBLOX""",negative
"""Sabar semua komentar ini ujian""",positive
"""Santai rick yg ngehujat lo belom tau perjalanan hidup lo aja! Mereka hanya sok suci!""",positive
"""Yang sabar yah,tetep semangat ngejar karirnya jangan dengerin kata orang mereka Cuma bisa ngebacot di komen doank""",positive
"""Erick masuk neraka jalur selingkuh bos""",negative
"""Trs berkarya walaupun brd di titik sprti ini""",positive
"""Stop lah ngatain orang lain lu pada itu yg ngatain orang lain ngaca dlu sebelum ngatain kayak suci aja hidup lu pada""",positive
"""Yang ngatain keknya idupnya gapernag bikin kesalahan""",positive
"""Jadi gila kau rupanya karna gak laku lagi di YouTube""",negative
"""Kasian yah sdh stress banyak masalah""",negative
"""Kok jatohnya malah kek ajg sih rikkk""",negative
"""Karir turun jadi autis kasian hahah""",negative
"""erick yang kek gini yang gua kangenin, keep it up bruuh""",positive
"""Udah mau autis iya bg awokawkk""",negative
"""Kasian masih muda udah stresss""",negative
"""Banyak komen yg support malah ketutup yg hate bgst emang IG""",positive
"""Maudy cantik na natural bnr2 cantik bgt, cantik luar dlm""",positive
"""Bikin konten YouTube Student life at standford @maudyayunda seperti waktu S1 at Oxford. Fansmu pada nungguin nih.""",positive
"""Aura org pinter emg shining ya bun @hy_dindut""",positive
"""Paket lengkap deh.. udh cantik pintar lagi""",positive
"""Sukaa bnget sm artis ini? nggak neko2.. dan natural bngett""",positive
"""Cantik, pintar bertalenta, ortu mana yg gak kepengen punya anak kyk mba maudy""",positive
"""Idih mak lampir, dibanding uya ma lu, lu bagaikan butiran debu,, lu dikenal karena bacot? rajin2 ngaca deh""",negative
"""Anjirlah muka lo kek kuntilanak malah sok cantik""",negative
"""Mbak cadel yg bangga dengan cadelnya,, Harusnya sih kasihan karna cadel tapi lama"" jadi jijik kenapa gak sekalian bisu aja""",negative
"""Uda pinter, cantik gak kebanyakan tingkah. Perfect""",positive
"""Hati-hati mody jangan keluar sendirian jaga-jaga serangan brutal rasisme, wajahmu sekilas mirip onnie2 korea. Tetap waspada""",positive
"""Bikin konten Youtube daily activity di Stanford dong kak @maudyayunda""",positive
"""Motivasi ku ka Maudy cantipp bngt""",positive
"""Semoga kecerdasan Mbak Maudy bermanfaat bagi agama, nusa, dan bangsa.. Aamiin""",positive
"""Damage nya cewek pinter gada lawann""",positive
"""cantikan waktu berisi dulu? sekarang kurus bgt, kurus begini auranya kurang""",negative
"""cantik sih, tapi sayang kurus ya. padahl udh nikah lo, kurang bahagia sama pernikahannya?""",negative
"""masih good vibes walaupun sedang lapar""",positive
"""kakak cantik bgt bismillah cerdasnya nular""",positive
"""Bego lu. Alam semesta dan seisinya pun serentak murka mendengarkan lagumu""",negative
"""Dua2 nya cantik banget masya Allah""",positive
"""ka nisa mirip ariana grande masa""",positive
"""Adiknya Kak Maudy, cantik, pinter, aura positifnya keluar, ramah, lemah lembut, rajin, sholeha""",positive
"""Sekilas yg abu mirip ariana grande haha""",positive
"""Yang satu nya mirip Ariana grande""",positive
"""Kakak sama adek sama sama cantik ya aku suka sama dua duanya""",positive
"""Rambutnya kak modd bagussss? Item berkilauu""",positive
"""Cantik semua congrats kak msuk nominsi tc candler""",positive
"""Maudy enak bet dah cantik iya pinter iya""",positive
"""kukira dedeknya berdiri itu mau mukul bang jer pake ukulele? ternyata aku salah salah :""""",positive
"""Bang jerome KLO nyanyiny kek gini bagus suaranya ganyangkaaa""",positive
"""Sutan kamu sangat lucu dan menggemaskan""",positive
"""Bang sering-sering dong buat vidio bareng sutan dia kayanya juga seneng ama bang jerom""",positive
"""Klu @jeromepoline buat video tapi berdua aja seharian sama anak kecil, hahah lucu juga gimana riwehnya""",positive
"""Muka lu kok cabul banget sih bg hahah""",negative
"""Dari raut mukanya aja udh terlihat seperti org kalah judi dan tidak pernah makan enak""",negative
"""Kak jerome kayak boneka tau hahah""",positive
"""Mukbang makanan sehat dong kak. Salad jepang gituuu.""",positive
"""Yakinin dulu niatnya bg? Semoga sukses""",positive
"""Bang, aku nonton kamu setelah aku kerja di Jepang. Bermanfaat bgt kontennya jd gampang kalo mau nyari apa apa di Jepang""",positive
"""Cuman rumus diet ini yg ga bisa dipecahka ya bang?""",positive
"""Perut makin maju tpi semangat jangan tak maju""",positive
"""Pantesan kak Jessica bilang bang jerom beruang wkwkwk""",positive
"""Aduhh susah klo urusan sma Jerome rumus matematika terus bahasannya? Apakah daya diriku yg lebih suka bhs Inggris drpd matematika""",positive
"""Kaya tulus ya mukanya klo diliat2""",positive
"""Kak Jerome, bagi trik biar bisa paham dan ingat cepat rumus matematika, dung:)""",positive
"""Baru x ini baca caption harus mikir dan pakai kalkulator cuyyy hahaha""",positive
"""Sumpah si kak, kemeja jeans bikin keliatan seger bgt mantap mantap""",positive
"""Mirip ama aktor korea yg main di film reply 1988 yg jadi kaka nya jung hwan wkwk""",positive
"""iya bang jer terlihat berbeda klo pake style kayak gini lebih terlihat fresh anak gaul""",positive
"""Klo style ke gini pas gitu bang sma umur lu yg msh muda keliatan lbh fresh aja sesuai sma umur""",positive
"""Kok makin dewasa makin imutt aih cipaaaaaa""",positive
"""maniss bangettt pengen dah punya senyuman manis kayak ka syifaaa""",positive
"""Nih orang manis bnget sihh ga ngerti lagi""",positive
"""Kakak pinter nyanyi ya @syifahadjureal, suaranya bagus kak""",positive
"""Gk salah kalo kak syifa cantik mamahnya aja cantik bgtt!! Jujurr""",positive
"""Lelaki yg mendapatkan km. Adalah lelaki yg beruntung.""",positive
"""Kamu mirip bgt ayahmu kalo adikmu mirip bgt mamamu""",positive
"""Kakak udah cantik sii, tapi cantikan lagi kalo pake hijab""",positive
"""Gemeshh rasanya kaya aku pengen cubit""",positive
"""@angelkmgi ini paling cute sih, ganteng parah msh kecil jg""",positive
"""Pengen gw pacul mulut lo!! woii anjeng busuk""",negative
"""Sering blg ke org2 artis cewek yg menurutku paling cantik syifa sama ziu""",positive
"""Ka cipa tu uda cantik, baik, manis bgt pula, manisnya tu nglebihin gula""",positive
"""Dilihat sekilas pun tampak jelas kalau cantikkan syifa""",positive
"""Setuju g sih? Si dia tetep cntik bgt meski g pke make up? lah aku g pke make up pucet bgt kyk g makan setahunn""",positive
"""dahlahh emang cantik luar dalam kmu ini cippp""",positive
"""Muka cantik tanpa make up hini, bahagia bgt kali ya yg jadi suaminya, bisa liat bidadari setiap harinya.""",positive
"""Suka bgtt sm kak cipaa.. orangnya humble sm semua orang dan banyak temannya juga""",positive
"""Artis remaja di Indonesia yg manis bgt kalo senyum Cuma dia deh perasaan yg nempel di hati""",positive
"""Aku doakan perempuan baik yg bernama Nagita selalu sehat, bahagia lahir batin, dan banyak yang sayang sm dia..""",positive
"""Rafathar nya mantull ni, pulang nggk jd nginep karna nggk ada temen mamany d rmh papany belum pulangg.. jd jagain dan temenin mama dulu  ya aa""",positive
"""kultur kerja kaya gini menurut gw bagus si ga kapitalis banget, petingginya juga ikut kerja misal ngevlog atau endors, semoga gaji juga ga senjang si haha""",positive
"""Pantas pada senang kerja di Rans.. mbak gigi nggak ngebossy..""",positive
"""Seneng yaa lihat orang sukses meeting. Ya Allah pengen sukses kayak gitu biar ada status di instastory""",positive
"""smga semua kelg dan crew sehat semua.. dan rejeki trs lancar ya kak gigi..""",positive
"""Fokus ke nagita pas mau minum masih sempet baca doa. keren bgt hasil dari didikan orang tua nya""",positive
"""Kasihan ya , Nagita punya suami kerjaannya berzinah terus""",negative
"""Koreaable banget face rafathar cakep ganteng manis banget""",positive
"""MasyaAllah Rafathar tambah besar makin tambah ganteng bgt gk kuat ngeliat alisny?""",positive
"""Kok mirip siwon ya lama2, apa perasaan gw aja.""",positive
"""Lucunya berasa kayak kaka dan adek""",positive
"""Itu wajah nagita kya masih umur 20an""",positive
"""Foto no edit edit ya saayy kamera nyaa bening,,, model fotonya pun juga bening gak perlu pakai filter tipu tipu""",positive
"""Look-nya Rafathar emang gak bisa dipungkiri, diborong gen mama gigi semua HAHA.""",positive
"""Nagita masa kaya anak muda coba cantikk bangeett""",positive
"""Masyaallah mamany cantik anakny ganteng, perfect""",positive
"""Kaya adek kakak.. kak gigi keliatan muda banget""",positive
"""Tambah gede aja rafathar ya tambah pinter ya Rafathar""",positive
"""Mama gigi kalau rambutnya agak pirang tambah cantik dan tampak lebih muda""",positive
"""OOTD mama gigi simple tapi elegan dilihat nya, masyaallah""",positive
"""Masyaallah mamah gigi bening bet dah, sehat selalu mamah gigi dn keluarga""",positive
"""mama gigi ketemu gajah. gajahnya seneng sampai ketawa gitu ahhaha.""",positive
"""Ya allah ga tau knp ak suka setiap lihat nagita pake dress modelnya cakep cakep""",positive
"""i see beauty in everything mba gigi sehat selalu sama dede bayi nya""",positive
"""Mama gigi cantik banget? look younger than her age.. love mama gigi""",positive
"""Semoga adeknya rafathar menjadi anak yang tangguh kuat cerdas""",positive
"""Pakaian apapun yg dipake mama gigi selalu keceee""",positive
"""Terima kasih kak Nagita @raffinagita1717 sudah support Molly si gajah dan satwa-satwa di Bali Zoo lainnya dengan kunjungannya bersama keluarga""",positive
"""Kaya ny gajahnya merasakan aura positif nya mb gigi itu? kelihatan sumringah jg gajahnya loo..""",positive
"""Manis banget mbak gigi.. Masya Allah.. hamil semakin bersinar..""",positive
"""Mama gigi gapernah ga cantik sih kalo menurut aku.""",positive
"""Semoga sehat selalu bayi dalam kandungan nya sama ibunya ya.""",positive
"""Cantik banget semoga sehat selalu kakak panutan""",positive
"""MasyaAllah selalu mempesona baik kaum adam maupun kaum hawa""",positive
"""Gak ada orang lain yang bangun tidur siang secantik ini selain ka yaya""",positive
"""makin tua makin muda yehh mukanya, mana cantik bngett mo nangiss ampun cantik terus ka yaya""",positive
"""Gapaham lagi cakeup nya natural Masyaallah""",positive
"""Raisa mah tipe cantik tapi sopan santun pakaiannya""",positive
"""ka yayaaa, why are you always stunning pretty girl.""",positive
"""Ya Allah ni orang apa peri, cantik amatt""",positive
"""Kenapa cantik banget aku heran dilihat dari samping kanan kiri depan dll tetep aja cantik""",positive
"""BISA BERHENTI CAKEP GA KAKK? PUSINGGGG IH""",positive
"""Cantik bajunya keren warnanya bikin pangling""",positive
"""Sudah dongggg dan sudah di liked juga.. congratulations""",positive
"""Udaaaahh nontonnnnn.. lagunya bajunya makeup dan hairdo nyaaa sukaakkkk""",positive
"""Raisa sekarang ngak monoton?. Jadi suka deh?. Sering2 kek gini?.""",positive
"""udah dong. Lagi ngunyah aja cute banget""",positive
"""Penyihir secantik ini gue rela dikutuk jadi tokek laut""",positive
"""Ya ampun kak makan apa sih kok bisa cantik banget""",positive
"""Ya allah kek anak yg msh batita klo lg ngambek manyunnya begitu, gemes hahaha""",positive
"""Aku udah. Dan sumpah bagus banget. Serasa liat cerita disney gitu""",positive
"""lu lebih gak sopan, mukak lu kayak babi!""",negative
"""ya Allah kenapa begitu sempurna sih ciptaanmu yg satu in""",positive
"""Ragu aja cantiknya udh kek gini, gmn kl yakin yak, cantiknya kek apa, heran""",positive
"""Bukan keliatan ragu, tapi keliatan cantik""",positive
"""Warna yang paling bikin Raisa makin shinning itu merah, hitam, putih, pink and emerald""",positive
"""Raisa pake baju merah sumpahh cantik bgttt""",positive
"""Liriknya pendek tp susah di hafal pas awal awal, begitu di puter beberapa kali eh kok candu banget""",positive
"""Demi apa, Kak Yaya gk pernah ngeRAGUin para pendengar lagu2 nya""",positive
"""Ka yaya kalo ragu tetep secantik itu yah :"")""",positive
"""Ragu aja cantik kan kak, apalagi kalau serius""",positive
"""Ngga alay. Ngga muluk muluk. Natural. Sukaaaa",positive
"""seru bgt gemoy, tim berkebun plus tim alam bgt niiii""",positive
"""nikmatnya bisa menghirup oksigen dengan bebas ya :)""",positive
"""Slide kedua mukanya mau gaya apa aja tetep cantikk""",positive
"""mba isyana foto gelap2an gini aja aesthetic bgt ya""",positive
"""mba isyana udah cantik suaranya bagus kompeten pula, ah sukaaaa""",positive
"""Ga Taulah aku juga suka banget sama gayanya isyan""",positive
"""Kangen nonton konser isyan secara lgsg, meskipun msh bisa virtual, Cuma experience-nya lebih dapat aja gitu""",positive
"""Congrats ka @isyanasarasvati, terus berkarya, makin sukses? dan terus mnjd inpirasi kita semua?""",positive
"""Congrats kak, kamu memang pantes mendapatkannya""",positive
"""Saya berharap kak @isyanasarasvati panjang umur. Sehingga bisa jadi inspirasi untuk musisi seluruh Indonesia. Saya suka musik indonesia dengan adanya kak Isyana""",positive
"""Udah cantik, rada gesrek tapi ya ini banyak kelebihannya, semangat tetap produktif""",positive
"""Gatau lagi, serasa nonton wtf beneran di jkt meski virtual and thankyouu for the performance kak syan! Selalu keren dan pecah! Tak pernah sekalipun mengecewakan""",positive
"""Walaupun ga pernah lihat ka isyana live beneran di panggung. Tp aku terpesona bgt ama live virtual asli keren""",positive
"""yash we the fest even virtual tapi tetep keren bgt kak syann huaaa energi nya dpt bgt""",positive
"""Keren banget!!! walaupun sebentar tapi mantap abis! Ditunggu karya selanjutnya ya kak! Stay safe and healthy isyana ku""",positive
"""makaseh jugaa kakaaa inyeeuuuu semoga aku bisa pantang menyerah seperti kakak dan teman musisi lainnya yaaa""",positive
"""Thank you juga, Syan! Seneng banget kemarin haha! Semoga setelah pandemi ini, semua rencana dilancarkan ya, Syan!""",positive
"""hua seneng bgt kmrn walaupun Cuma 35 menitan tp seneng liat isyan, adaptasi kebiasaan baruku semoga bisa lebih teratur maemnya, ditunggu karya selanjutnya kaka""",positive
"""senang akhirnya indonesia bisa mempunyai musisi idealis berkualitas tinggi yg masih bisa terus berkarya & diapresiasi oleh banyak orang?""",positive
"""Berharap bisa menghadirkan musisi dgn genre yang lain dr yg sudah ada di industri? biar musik Indonesia lebih berwarna""",positive
"""congrats kak isyan semoga semua impian-impian baiknya segera bisa terwujud aamiin""",positive
"""Bener bener idola, dr musisi yang dipandang sebelah mata sampe buat label musik sendiri, congrats syan""",positive
"""CONGRATS KAK ISYAN semoga karya nya apa yg dilakukan kakak sukses teruss""",positive
"""ORANG INI TERLIHAT SANGAT SANGAT STRES DAN GILA""",negative
"""Gua kalai jadi tuhan gaakan gua jadiin dia ini manusia, lebih pante ga hidup ini orang di dunia, akhlaknya gaada tolol bangsat""",negative
"""Biasa nya aq nangis kalo lagu nya seiihh, kalo sekarang nangis karna saking bagus nya lagu nya""",positive
"""definisi minat ketemu bakat ketemu kerja keras""",positive
"""@vnagstn astaga si isyana keren banget ini; bisa ada musisi lokal yang selera musiknya kayak gini""",positive
"""MashaAllah? udh cantik, pinter, jago nyanyi dn mainin alat musik pula neng @isyanasarasvati ngefans bener ini mah""",positive
"""Gilaaaa.. gila.. gilaaaa Tangan, kaki, ekspresi, n emosi tertuang adi suatu karya yg fantastis""",positive
"""Gosh, tiap kali lihat isyana mainin alat musik kaya lihat jiwanya beda. Merinding gila. Kaya kepribadiannya jadi serius bangett""",positive
"""Sumpah demi allah bagus bangett kereennn merinding ak nya.. dengerin sampe abis tiba2 aja ampe netesin air mata""",positive
"""aku memutuskan untuk menjadi fans isyana. gila keren banget ya, otak mereka berdua bisa berfungsi dg menjalankan perintah ke tangan dan kaki, di waktu bersamaan""",positive
"""AMZING ISYANAA!! Jujur aku amazed banget dengan skill dan minat Isyana dalam bermusik. Ga Cuma bernyanyi tapi main alat musik pun jago banget""",positive
"""paling ngiri liat orang keren maen alat musik dan dalem banget nikmatin permainan sendiri""",positive
"""Sampe ga bisa berkata2 lagi buat isyana, sangat2 sempurna org ini""",positive
"""Inimah bukan main alat musik lagi. Olahraga jari dan kaki ini mah""",positive
JUAL MAKANAN ANJING (DOG FOOD) HAPPY DOG MURAH HARGA PROMO,positive
JUAL GROSIR MAKANAN ANJING MAKANAN KUCING UNTUK PETSHOP,positive
Jangan mentang-mentang lu anak Gaul. Pas dikejar anjing bukannya lari malah bilang 'terus Gue harus kabur sambil bilang wow gitu?',positive
"Males itu kalo kerja pagi trus gak ada yg nganter, anjing",negative
Pagi ini cuma mau panggil anjing aja buat elo yang naik motornya ugal ugalan.,negative
"Mau tanya, hukumya org Islam pelihara anjing? Kan byk kalangan artis yg plihara?",positive
Cuma karena anjing... okay,positive
sok geulis anjing,negative
Cokelat merupakan racun bagi anjing dan kucing.,positive
anjing jg lo ler,negative
Wah aku memelihara anjing n kucing nih,positive
"So Sweet, Pemain Ini Gendong Anjing Pengganggu Laga",positive
Anak anjing jantan sengaja membuat anak anjing betina menang ketika mereka sedang bermain,positive
Sesama anjing putih berantem,positive
kesel deh pagi2 anjing ku masa mau gigit perban kakiku,negative
Lancau anjing.. stressnya aku..,negative
"Pada Mei 2007, Mourinho sempat ditangkap karena diduga menghalangi Polisi yang hendak mengkarantina anjing peliharaannya",positive
Pria Asal China Tewas karena Selfie dengan Anjing Laut,positive
"Mana yang lebih lucu, anak anjing atau anak kucing?",positive
Di New Jersey dari Department of Corrections melatih anjing untuk mengendus ponsel tersembunyi.,positive
"Tadinya mau beli anjing buat jadi temen. Tapi, udah banyak temen yang pada kaya anjing",negative
nyepam bgt anjing,negative
anjing emang ganggu ya gonggong terus huf,positive
Dulu sih sayang sayangan udah putus eh anjing anjingan,negative
Cokelat dan kismis  dapat membunuh anjing.,positive
Anjing tolol ini ikut2an ngomongin kepercayaan orang lain dasar tolol urus saja kepercayaan kau kasian Deh.,negative
"Baru kali ini jogging di sini, dan pas di jalan baru sadar di sini banyak anjing berkeliaran",positive
Pengen anjing kayak gini sayang,positive
Hp rusak anjing ah,negative
Si anjing jualan obat.. wkwk,negative
"Penyakit anjing gila atau Rabies :penyakit yang menyerang anjing, kucing, kera dll",positive
"Kehadiran orang baru, anjing atau kucing baru, di sebuah rumah dapat menyebabkan seekor kucing menjadi stres.",positive
Anjing yang menggonggong biasanya tidak menggigit. Orang yang banyak bicara biasanya tidak bisa bekerja.,positive
"lu dan aku kayak anjing dan kucing. Yang satu setia, yang satu gampang manja sama siapa aja.",positive
"Hyena tidak terkait dengan anjing, mereka jauh lebih terkait erat dengan kucing.",positive
nyawa lebih penting dari pada kaca anjing,negative
Woyy Anjing! TOLOL mulu mirip KONTOLKU!!!,negative
ANJING!! AKUN TOLOL,negative
anjing aing palanya habis bocor berantem sama anjing kampung rebutan cewe,positive
Manusia bukan satu-satunya makhluk hidup yang bisa tertawa. Hewan seperti anjing dan kucing juga bisa tertawa.,positive
eh mana tau ni anjing lah kau,negative
"Hai salam kenal (pending) | DPnya cantik, orang mana? (Pending) | Lagi ngapain nih? (Pending) | Dasar anjing!! (delivered)",negative
"banyak ibu2 atau bapak2 atau nenek2 yang bawa kereta bayi, tapi begitu diintip isinya ternyata anjing.",positive
Kalau lu juga suka ama dia bilang. Gak usah ngejelekin nama w di depan dia. Anjing,negative
demen anjing sampe kaya anjing hehe,negative
Hyorin memiliki hewan peliharaan yaitu anjing,positive
MUKAA LO SAMA DIA PASSS SAMA SMAA BULUKKK JD JADIANN DEH SONO ANJING SAMA BABIII,negative
"Ga usah sok ngartis sih anjing, jangan sok cantik banyak gaya lu...",negative
cwok kaya anjing gitu,negative
efek terlalu sering bergaul sama anjing makanya kelakuan si Nong jdi begitu.,negative
Dasar anjing,negative
anjing ni org mabok atau stress,negative
Anjing bangsat tai doang lah,negative
sebelum menjalankan mobil periksa dan astikan tidak ada hewan seperti kucing atau anjing yg berlindung di area ban atau mobil.,positive
SI ANJING SI ANJING,negative
lo perek pemalan pejuh belaga pake hijab segala. Neraka buat lo anjing,negative
"Pahamilah bahwa sifat anjing sangat Luhur moral dan Beretika kepada tuannya, teman dan penjaga yg baik , tentunya Setia",positive
Ok anjing anak pelacur mak sundal?I'm coming for u sooner or later.,negative
Semakin lemah seekor anjing semakin keras gonggongannya,positive
"Woy tony bangsat, are you liverpool shit fan? Do you know liverpool is fuckin bullshit like city hah anjing?",negative
Anjing. Daripada sama si v yang nolak lu,negative
"Beberapa hewan dianugerahi bisa melihat jin, seperti keledai dan anjing",positive
Ia memiliki seorang kakak perempuan dan seekor anak anjing,positive
Di beberapa negara banyak yurisdiksi yang memberlakukan apabila sengaja melukai atau membunuh anjing polisi adalah kejahatan besar,positive
"Terlalu anjing untuk di ingat, terlalu bangsat untuk dikenang, terlalu sampah untuk merindu. Aku wes ora peduli ~",negative
Flaws on your face looks beautiful with a nice camera. Dapat camera phone baling anjing.. hmmm,negative
Jangan jadi anjing jilat sana sini . Depan temen belaiin temen . Temen dijelekin malah eh ntahlah,negative
"Guinness Book Of World Records, anjing terkecil yg pernah ada adlh seekor Yorkshire Terrier yg beratnya hanya 2ons pada usia 2tahun",positive
Ada cewek cantik putih mulus sexy sayang dulunya laki haha kaga lucu anjing,negative
Sejenis anjing lah kau,negative
Dokter hewan memastikan apa anjing itu sakit atau tidak melalui keadaan dan bau di dalam telinganya.,positive
"jgn pernah percaya dgn org, depan suci tapi belakang mcm anjing",negative
Anjing trah Basenji adalah satu-satunya anjing yang tidak menggonggong/menyalak di dunia.,positive
Temenan : gue elu | pdkt: aku lu | jadian: pipi mimi | putus: anjing goblog,negative
Bising ah anjing,negative
Nurani anjingmu kebanyakan makan anjing sama babi jadi tingka lakumu ngga bedah jauh bangsat,positive
Anjing lu biadal bangsat lu kira ulama seperti dirimu,negative
Kok anjing?!,negative
Anjing laut jalannya pake perut,positive
"Sama, gue juga Tidur.. dan berharap menang.. eh anjing, taunya pas bangun kalah. Apa ga kntl!",negative
Dikejar anjing pagi-pagi. Nuhun.,positive
Sekali2 emang kudu d kasih shock therapy itu anjing,negative
"ya biasa lah otak goblok, apa2 dikaitin sama agama, tp dia sendiri munafik anjing..",negative
"Morning kalian.,moga kalian baik2 aja deh Maju Lu Sini Anjing",negative
Woi akun anjing palalu pitak sejak kapan ygvkaya gitu kena pasal ? Modar aja luh nyet cebong !,negative
Laika adalah seekor anjing astronot luar angkasa pertama di dunia. diluncurkan satelit bumi buatan di tahun 1957 oleh pemerintah Rusia.,positive
Hipokrit anjing hahahaha,negative
"Ga usah sok ngartis sih anjing, jangan sok cantik banyak gaya lu.",negative
kaya anjing beraninya cuma sama cewe,negative
Mantap anjing,negative
muka mcm anjing,negative
BEGINI DOANG GW JEJERITAN ANJING,negative
anjing bangsat gobloq,negative
"Hdh itu tolong yang suka ngeluh friendless, dikacangin, dsb yang memandang rendah dirinya padahal udah di jb tapi gak diwaro sadar diri kek anjing caper lo bangsat hih geli.",negative
"Dari semua binatang, hanya anjing dan gajah yang pintar memahami gerakan tangan manusia.",positive
"Malu malu anjing itu mah, malu malu tetep jilat sana sini.",negative
Anjing menggonggong kafilah berlalu,positive
Babi buat aku nangis anjing,negative
Kepala mana kau hahahahaha. Anjing.,negative
DI DALEM TUBUH FRANK OCEAN ADA APAANSIH ANJING SUARANYA BAGUS BANGET NANGIS 7 MALEM,negative
Bangsat polisi anjing . Ya Allah tolonglah kami yg teraniaya,negative
Anjing kzl,negative
"Anak-anak anjing Dalmatian terlahir murni putih polos, spot-spot berwarna hitam muncul dan berkembang seiring dengan mereka dewasa.",positive
Anjing ya gausa denger omongan orang bgst,negative
GEDE BANGET BARANGNYA ANJING,negative
kalo temen yang anjing gimana? boleh?,negative
kaya tai congor muka lebar kaya anjing,negative
Salah colok anjing,negative
TEMAN KAYAK ANJING YAALLAH,negative
kardiograf anjing!,negative
sumpah lupa kemarin ngapain aja anjing,negative
"Apanya yang perlu dibaca anjing!! Kalah kalah aja, banyak alasan bacot!!",negative
tapi lu mukanya kaya anjing,negative
"Anjing bgst adalah omongan para cowok cowok kalau lagi kumpul, ehh gak dong tapi kebanyakan temen saya gitu, saya si iya juga",negative
"gue ga melihara tp punya banya anjing koceng online aja pas ngeliat rasanya seneng bgt, apalagi kalo dibolehin melihara beneran ya:'",negative
"ADA ADA AJA SUPIR ANGKOT W BLG KIRI, TP LAMA BGT GA BERENTI2 TRS MALAH 'WEY ANJING' GA WARAS BGT DAH",negative
Spngetahuan gw sih klu ada anjing d dlm drmh malaikat jg gk mau msuk.,positive
udah 18x saya masuk twiter game anjing,negative
"Anjing tukang fitnah lo, memang pendukung sama yg didukung sama aja, tukang hoax dan fitnah!!",negative
kesel banget anjing ga inget inget kemaren mikirin apa huhhhhhhhhhh gedek banget,negative
"Pokoknya anjing lah kalian yg pada lebay. Bodo amat yang ke makan rumor kaya gitu, BUB gua sekarang!!! Gamau punya mutual kaya gitu. Tai.",negative
Yang pasti golden retriever bukan anjing untuk jaga rumah. Dia sama siapa aja baik termasuk dng maling mungkin. Paling gonggong sebentar terus buntutnya menari2.,positive
LELAKI BANGSAT LELAKI KARDUS LELAKI ANJING !!! KALOO CEWEEE LU GAK MAU GOSAHH DIPAKSAA ANJENG !!! GENUGG JUGA NIHH !!!,negative
Apasi anjing terserah gue ga suka unfoll bebas,negative
sini lu gua gendong anjing,negative
Sekali lari jantung ke mau pecah anjing,negative
"Ngatain orang sok inggris lu men, tapi dia sendiri kalo bilang makasih tetep bilang thanks bro, ah munafik anjing",negative
Muka lo udah kaya berak anjing Tong!,negative
Nyari mutual di twitter sama di ig ena nyari di twitter sumpa di ig udah di follbck malah di unfoll anjing emang,negative
masi pagi si anjing,negative
Peler anjing... banyak bacot Lo anjing... Duel ama gw Lo anjing...,negative
"Kasih gua pencerahan, apa nikmatnya lari pagi dihari minggu selain ngeliatin cewek bening bawa anjing?",positive
Kenapasih org org rumah kek anjing bgt hari ini.,negative
Folow anjing jangan komen doang,negative
"Kesel bacanya anjing, kaya baca puisi",negative
"emosi nih sama kucing tetangga , hobinya mengendap2 masuk ke balkon rumah terus nyolong makanan anjing saya",positive
Astaga masih pagi pay kau membuat ku ingin berkata anjing,negative
"Sumpah gw kesel amat dah lihat video ini, bukannya mencari pendidikan berkarakter tetapi pendidikan barbar anjing!!!",negative
ANJING AH KETAWAAA,negative
ANJING TOLOL lu GOBLOG,negative
"Emang anjing ini, biadab kali polisi anjing",negative
demi tuhan lu semua berantem mulu anjing ngapain sih,negative
Mana punya nurani mereka.. Mereka bkn manusia tp binatang!! Anjing..,negative
"mau hijrah tp ngeliatin video polisi jd kaga jadi, pada kaya ANJING soalnya",negative
Woy anjing anjing kurapan.. elu emang bangsat .... Mampus kau liat aja nanti,negative
"pacar sama anjing beda ya, anjing gak tau sabar makanya always nungguin majikannya pulang tapi pacar capek nungguin terus orang yg disayang",positive
kalian kayak tidak pernah nonton bokep semua saja munafik lo anjing.,negative
Cuma beda 1000 anjing,negative
pukimak punya india babi ni,negative
Apasi anjing,negative
"Ada aja anjing yg buat gue ketawa pagi pagi gini,asu lah wkwkwk",negative
"pagi ini di awali dengan, dikejar anjing...",positive
Anjing pantesan barang yg dikirim ke gua rusak!!,negative
PAGI PAGI DAH EMOSI ANJING,negative
TOLOL ANJING,negative
"hahaha dan akhirnya semua orang dirumah ninggal aing yang lagi sakit, dan pergi liburan ke jogja sendiri hahaha , anjing",negative
Sampah si anjing,negative
Kara ingin mengumpat Anjing tai babi,negative
"Dingin bat anjing, bodo amat lah ga mandi aja gua",negative
"anjing masih pagi, emosi gw bacanya bales nder: kontol lu najis anjing amit amit",negative
Malu anjing. Biasanya pake ojek tuh bayarnya pakai gopay.,negative
"Nitip anjing, fotonya nemu di reddit",positive
ganggu bgt anjing pengen gue penggal,negative
"Anjing betul yg bawa mobilnya, buta matanya",negative
capek ah bangsat bikin males pagi2 aja anjing lo,negative
Anjing gak main twitter kak,negative
Bloon anjing,negative
Anjing kau. Yang hina itu mama kau.,negative
ANJING LO HAHAHAHAH,negative
anjing ngakak,negative
"Yeee anjing,udah livestream 1 jam lebih malah di cancel karna cuaca",negative
Takut Anjing = Cynophobia,positive
"Bisalah om, kan meteka menggonggong bicaranya, gaya anjing peking",negative
dih anjing bgt setannya minta di ruqyah,negative
Sombong amat nih org anjing,negative
Anjing sumpahw kira td yg reply mba tara. Ganti dp om2 lagi buru,negative
"culun bet w, anjing",negative
keripik kaca maksud gua anjing suuzon mulu lu sama gua,negative
"Bener banget mba, dulu aku suka gangguin anjing tetangga terus aku dikejernya",positive
kalo g ada anjing sm bgst tu ky kurang aja ngetik di ini grup,negative
"LGBT LGBT tai anjing, kaga ngedukung dibilang ga berperikemanusiaan. Tai lah",negative
"loh, mulainya jam stengah 7? kek apa sih anjing sekolahku ini",negative
WKWKWKWK EMG NGAPAIN ANJING????ORG GA NGAPA2IN,negative
makanya anjing kek gada akhlak bgt,negative
Di dunia nyata juga ada tapi tokoh liciknya yang anjing bukan kucing.,positive
anjing rasanya mau ngespill tp males,negative
Anjing kenapa diem aja abangnya tolol. Udah mending kl ada ginian gausah nonton. Biar berenti abangnya jg cari nafkah dgn cara lain aja.,negative
Dasar anak anjing,negative
Mati aja lo anjing,negative
"Katanya kalo cewe cantik gak boleh ngomong kasar,berhubung aku gak cantik trobos ajalah anjing",negative
itu yg goodlooking tpi sok2 an insecure biar apa si anjing?,negative
masih pagi tapi udah kayak anjing aja ini hidup,negative
weh anjing gue diem doang disalahin,negative
Gaada otak anjing,negative
Anjing asli goblok udh sering gua kasih tau buat jangan manggil pake real name gua masih aja. Tolol. Gabisa bgt mencoba belajar hargain orang,negative
guys itu sctv teh nct beneran ke indo apa gimana? gua kesel banget anjing nct perform cuma satu lagu ngapain diselipin reaction artis indo ah gajelas bgt,negative
janji anjing babi bangsat,negative
aku kecewa sama sctv banyak scene ga ngotaknya anjing dipikir apaan dih,negative
"sumpah ya ini tuh mereka udah ganteng pake item2, kameranya juga ga banyak gaya, EH SI ANJING MALAH NYOROT AUDIENCE",negative
"Oh elu anjing, pantesan. Mana sini so nice sekali hap nya, kenalin sm gua",negative
Anjing banget ya pagi2 gw care sama temen malah di sangka jelek. Makanya kalo ga kuat minum gausah minum udh mabok mah berabe njing!!!,negative
Bodo amatlah anjing,negative
"Misalnya ada suatu kondisi dimana kita lagi khawatirin si dia, tapi dia malah seneng-seneng sama yang lain. Itu babi namanya.",negative
"tu ah, babi betul. kau pukul din",negative
ups... muke babi ngepet ditayangin lg,negative
pagi pagi dah jadi babi,negative
BABI NGEPET !!!,negative
Babi la cok tak samaaaa,negative
DASAR BABI,negative
caper tolol babi saya tunggu lu di semester tinggi,negative
Padahal harusnya bangga tinggal nyebutin... aneh nih otak babi,negative
kukira kau rumah ternyata kandang babi,negative
"apasih ngentot kontol asu babi memek, ginian aja lu share di base. anjay.",negative
Kenapa harus umur segini si babi,negative
Cinta monyet cie wkwk,positive
"heh kontol, jan sok pemes lu di rp, muka kek memek, org tua lu kek monyet, agama lu aje agama kontol",negative
Orang melihat monyet adalah revolusi dari manusia karena monyet dan manusia dapat berjalan tegak.,positive
Lo mau maenin cewe? gue kasih monyet cewe sini biar puas,negative
Harapan km apa sih di thn Monyet Api ini? Share dong harapan km di bareng BEAR BRAND,positive
"Seperti sifat monyet yg gesit dan pintar,tahun monyet api bakal penuh keceriaan, optimisme dan semangat bareng BEAR BRAND",positive
Alay lo monyet.,negative
Shio baekhyun itu Monyet,positive
Topeng monyet ... Tontonan yang udah jarang banget . tapi peminatnya masih banyak,positive
"gue gatau lo abis ketiban anak monyet jadi begini, terhura nih gue. thankyou so much buat looooo njir",positive
"Disaat kita serius dia nya main-main,disaat kita main-main dia nya serius. Dasar cinta monyet",positive
MONYET CONGRATS WOI,negative
Itu pacar apa monyet. Ko hobinya nge gantungin lu mulu. Udah putusin aja daripada makan hati,negative
"doktrin darwin sebagai iman anda, seharusnya anda bisa buktikan bahwa monyet yg ada skrg sudah bisa berbicara",positive
Bot itu bukannya temennya dora yang monyet ya?,positive
"Saat tinggal di Indonesia, Barrack Obama pernah memelihara monyet bernama Tata.",positive
_waktu sekolah mah actual cinta monyet haha. yakan ga kasian apa mereka sama hati nutrijell gue yah gue alay,positive
"Terlibat Cinta Monyet, Dua ABG Ini Pacaran di Atas Pohon Sambil Mencari Kutu di Kepala",positive
"Aku suka dia, sama dia juga suka. Tapi kenapa sih mama bilang kalau ini cinta monyet",positive
"Si monyet bangsat, gue kurang apa coba. Emng situ aja yg keganjenan sok polos babiiii",negative
"aku habis beli monyet, mukanya mirip mantan lu",negative
"Cinta monyet waktu masih anak-anak itu lucu dan konyol, tapi perasaan cintanya tulus dan tidak pake modus.",positive
Boneka Monyet Kecil ini yg slalu menemani hari2ku,positive
"Di tengah sains yg hebat, membantu mengingatkan anak2 kita, bhw asal usul manusia bkn dr keturunan monyet tp keagungan ciptaan TUHAN",positive
monyet ngomong monyet ah lu,negative
diam monyet,negative
"jd nih orang, keturunan monyet.. Liat aja mukanya",negative
"Kecuali manusia dan monyet, semua mamalia buta warna",positive
"Cinta monyet rasa suka2 pada nilai2 fisik yg disukai, seperti cinta hewan pada sesamanya. Cinta sejati itu cinta ibu pd anaknya penuh kasih.",positive
"Ngarepin banjir supaya ngga ada aktifitas. egois banget, kaya monyet",negative
monyet lu,negative
"monyet itu emang trus nyerang NU Banser dan Ulama NU ,semakin kurang ajar emang",negative
KAN ELO MONYET,negative
Ni monyet pake dp Tapi kerja nya gibulin Orang2,negative
Monyet pertama yang terbang ke luar angkasa adalah Albert II. Ia terbang 83 mil di ruang angkasa pada 14 Juni 1949.,positive
"Nanti nunggu dulu lebaran lu, lebaran monyet",negative
"Aku gak ngerti knp sih skrg kita jd musuhan gini?? pdhl dulu kita srg main sama2. Apa krn kita beda? memang aku manusia dan lu MONYET, tp salahkah kt berteman??",negative
Pesanan apa? Coba jangan belagak monyet...,negative
"Pada saat ini, para ilmuwan di AS tengah mempelajari bagaimana otak seekor monyet dapat mengontrol tubuh monyet lainnya.",positive
Disini Banyak monyet nakal. Macem lu,negative
Mimpi tercyduk gara gara si monyet,negative
"Eh nyet... Kalo lu survey nya di kandang monyet, pasti monyet juga yg menang....",negative
Monyet sama panda lucu mana?,positive
"Monyet ya gitu om, dia nya yg culas, orang lain yg dicela bodoh, apa namanya gitu?",negative
Yg jelas bukan buat monyet ky yg nanya,negative
nyettt monyet goblog,negative
Titid monyet lu,negative
Itu pendapat otak mu..monyet. babi. Anjing..kau..,negative
Ngakak gw serius lucu banget monyet!!!,negative
Anjing tai babi monyet lah ini manusia goblok kesel guaaa Weh pengen gua banting rasanya,negative
Karena si monyet sudah dimenangkan dengan kecurangan..,negative
Ngapain sih monyet,negative
Rusuh monyet! Wkwkwk,negative
Paling benci sama player sun kelakuan kaya monyet,negative
Mungkin itu duit yang selalu ada di kantong pas masih cinta monyet.,positive
Jangan gajelas kalo jd monyet,negative
Gak mau dikatain monyet tapi kelakuan mirip monyet,negative
"Pengen jadi artis sinetron kagak laku, padahal dandannya udah heboh banget kayak monyet didandani ribet",negative
lu monyet,negative
"yaAllah bagus. btw aku salpok ke seprei monyet, samaan kitaaaa",positive
monyet ya proses lah dia mah bgst,negative
"Gw kira dia Mandang fisik karna dia lebih oke lah taunya Buriq ajg, jauh jauh deh lu monyet.",negative
"Masih ada aja makhluk tolol kayak lo, heran. Bukan pekara hoax nya atau engga. Lo nyadar ga sih bego itu gambarnya serem?",negative
"Wooy monyet lu gk tau diri, di kasih pisang minta sambel",negative
"Ak ngikutin heart series sama monyet cantik doang, yg ggs sama cjr nontonnya kadang' doang",positive
"Udah makan tai blum lu nyet, monyet",negative
"Haha otak bodoh, otak bodoh, tukang makan tai, anak monyet, tukang sodomi, hahaha",negative
Lu kan monyet bukan mnusia,negative
Monyet lu!!!,negative
"itu elu nyet,lu monyet.",negative
Shio mu apa? Babi? Atau monyet?,positive
Beli monyet kyk George dimana ya. Asik kali ya punya monyet.,positive
Banyak goblog pas waktu sd sih. Polos banget pas dibego-begoin. Demi cinta monyet anj,negative
TERUS SAPA MONYET,negative
Monyet mondar mandir juga kerja... Dasar presiden sialan...,negative
Pantat monyet kadrun,negative
"diam nyet, have a nice day nyet, dasar monyet",negative
"gosa ngegas nyet, have a nice day nyet, dasar monyet",negative
Gak begitu dong monyet,negative
Doger monyet itu apaan es doger ?,positive
kemasukan omongan lu alias omongan monyet ya?,negative
"masih halus.. Penginnya ludahi muka Gus Munafik sambil bilang 'Binatang Kau..!' (Anjing, Babi, Monyet, dll sdh terwakili didalamnya)",positive
"Bacot lu,monyet barbar.",negative
susah klo ngomong ama JEMBUT MONYET...... mulut kaya BOL yg keluar cuma tai.... GK INGET AMA JANJI LO YG KEMAREN..... dasar munafik lo PELER KUDA.... UCAPAN KOK GK BISA DIPEGANG,negative
Bahasa inggrisnya anjing ya kunyuk apa lo!,negative
Memang anjing ni akun ...lu ngapain si nge-share begini… dasar otak miskin,negative
"Hyukjae bgst, otak gue traveling kemana-mana ye kunyuk segala dikasih emot begituan juga.",negative
Bajingan u semua! Pagi2 teriak. Pengen gw tabokin tu mulut2 kalian. Semakin tdk sanggup hidup dngn manusia2 aneh spt kalian!!,negative
"mampus loe perek itulah duri2x dunia  ,bajingan mana pun pasti akan eneg abis",negative
lu DASAR BAJINGAN...GAK BISA DIPERCAYA OMONGANNYA...,negative
grup lu so asik najis. Mana isinya cabe semua hahaha bajingan..,negative
Cowok jaman sekarang tuh BAJINGAN !!,negative
wah BAJINGAN,negative
"btp gak punya kelebihan, kecuali pemimpin yg suka berkata kotor Tai,, bajingan,keparat..., anjink,,, dll Memalukan",negative
Intinya lo itu kaya bajingan!!!,negative
Bajingan subuh' dapet chat orang lgi ngedumel gara' tanda tanya nya gak bisa di ketik,negative
"Udah tau bangsat, udh tau brengsek, udh tau bajingan. Tapi tetep aja",negative
BAJINGAN MEMANG !!! SEMUA BERASA BAJINGAN !!!,negative
Gue ga akan pernah mau balikan! Gue masih laku! Dan masih banyak orang yg lebih baik dari lo! Lo itu melebihi bajingan!,negative
Apa yang harus di banggakan dari polisi ??? Mereka sama seperti kami bajingan bahkan mereka lebih bajingan,negative
Hah ngechat cuman bilang seperti itu? bajingan banget hidup loe,negative
"lu punya anak koq ajarin pake baju kaya pelacur,? Gimana si elu! Bajingan banget lu endut!",negative
lu bukan cuma idiot tp lu ini pun bajingan anjing taik babi nenek lu kakek lu bokap lu nyokap lu anjing semua,negative
YG ATAS ITU LOH BAJINGAN SEMUA TIGA TIGA NYA SIAL,negative
Dasar Bajingan!,negative
"Muka nipu yaa, muka polos ternyata bajingan hhhh",negative
Kalian cocok ko :) sama sama bajingan !!,negative
Anjing bajingan bangsat seri we goblog tai,negative
Kiper bajingan!,negative
"YANG BERKUASA ORANG2 KEPARAT BAJINGAN SEMUA....,HANCUUURRRR",negative
BAJINGAN SAMPEYAN,negative
Mulai bajingan wasitnya ckckckck,negative
Fpi isinya org bajingan tp pengecut semua....,negative
LONTE BAJINGAN !!!,negative
Dasar bajingan. Hilang kepercayaan aku berkat kau sial,negative
Dsar wanita pelacur pembhong ingkar janji pendusta besar bajingan,negative
"Dia hanya bandit tua, bajingan tengik, dia hanya cahaya yang kian meredup, dan tak kuasa menahan beban hidupnya sendiri.",negative
Amin bajingan bajigur. Dasar biji,negative
Dasar bajingan... gub wagub dki skr,negative
"Minta maaf habis itu bikin ulah lagi hina ulama mas bego bajingan, bangsat kau",negative
"Bajingan munafik begini emg hrs dibuat kapok. Ingat kasus persekusi Cikupa, gak terbukti mesum tetap ditelanjangin!",negative
"Habis kesambet lu sok bijak. Dasar tai,nama lu bagus tp sifat lu bajingan",negative
Bajingan Goblog!,negative
Bisa bedain bajingan sama yg nangkap bajingan gak ?? Goblok amat lu cok,negative
bajingan bolt hari ini.. koneksi kenceng tapi mesti restart tiap setengah jam....,negative
Luhut si muka bajingan skrng perusahaany bnyk duit dr mn dia,negative
Wah luhut ini muka bajingan tengik perusahaanya bnyk skrng duitny dr mn yaaaa,negative
"Ahhhh bajingan, kontol, asu, sing asu ki koe! Sak bojomu! Sing bosok ki koe sak bojomu.",negative
TIM KONTOOLLLL ANJEEEENG BAJINGAN MEMEK BANGSAAAT,negative
Cuma bisa nyinyir...dasar bajingan,negative
HAHAHAHAHAHAHAHAHAHA BAJINGAN LO,negative
Dasar bajingan lemah,negative
Kalo itu bajingan mesum pengecut,negative
"Bacot busuk eh tolol gak ada yg memggunakan bus cok, mobilisasi pakai bak terbuka dan motor",negative
"Tidak membuat kejahatan biadab, mengeroyok dan membunuh orang menjadi berkurang. Tetap bajingan biadab!",negative
Mamakmu pelacur bajingan. Jadi kau harus buktikan kalau kau bukan anak pelacur bajingan. Bagaimana?,negative
Emang dasar bajingan enggak tau malu loo,negative
fuck..benar!! ustad bajingan!! sialan!!,negative
Halah kontol jembut asu bajingan,negative
Berhenti jadi anak biadab agar bisa geser ke anak bajingan,negative
"Gak usah mukul juga kali, dasar manusia jenis apa kau mbak, seandainya keluarga atau saudara nya di gituin apa mau goblok kau Bajingan kau tidak bisa menghargai orang lain",negative
Bajingan emang,negative
Ya emang kalo ga brengsek ya bajingan gaada bedanya semua mau yang berseragam mau yang swasta sama aja anjeeeng,negative
depan belakang sama-sama bajingan wkwkwk,negative
"Bener2 bajingan, bangsattt, setan, anjing, babiiiiii, keboo iblisssss duuhhhh pengen gueh kunyaaah anak² setan ituuuu",negative
"Anggap saja mereka anjing, iya anjing itu asu, asu itu ndhasmu. Bajingan kok",negative
"Si bangsat lg mancing, emang bajingan tu orang.",negative
"Pengendara bangsat, bajingan !",negative
bajingan ajg haha,negative
Anak bajingan! kurang ajar lu! mending saya gapunya anak sama sekalian.,negative
_ Asu bajingan celeng,negative
Bajingan asu pantek benci banget sama cowok!!!!,negative
Anak bajingan ini,negative
Emang nya dua ASU itu punya malu...???,negative
Asu ngakak,negative
Kontol asu,negative
Takut dibegal asu,negative
Anak asu,negative
"Bgst orang yg ngutang sama gua kebawa sampe mimpi,mana gk bayar juga lagi asu",negative
"dih sokan bgt jd cowok. pala lo ga cukup sm satu cewek, itu bkn ga cukup, lo aja yg maruk asu.",negative
"bjir ada ya orang kek gitu, tolol asu sini maju",negative
bangsat lu,negative
Udah dikasih hati di baik-baikin malah nusuk dari belakang. Bangsat emang ya !!!,negative
Menyalak apa lg woi bangsat,negative
Lu ko jadi tmn di dpn gua keliatan baik ? Tapi kenapa di belakang gua lu lugu2 bangsat sih,negative
"Bajingan...bangsat... lo bukan siapa-siapa, kok sombong banget!!!!",negative
Ketika teman makan teman maka teman itu ku panggil BANGSAT,negative
Lo itu munafik yah di depan baik-baikin tapi di belakang jelek-jelekin. Bangsat kan !,negative
"Teman makan teman, hhhaaa.. BANGSAT loe",negative
"Korupsi , Selalu Saja !! Bangsat",negative
kamar gua kebocoran jdi banjir bangsat,negative
"Dulu punya pacar yg baik, nggk kyak skrng brutal sprti bangsat!!",negative
tai kayak member lu bangsat,negative
eh bangsat ribut yuk sini sama gua !!,negative
Anjing! Bangsat emg!,negative
Mood ancur bangsat masi pagi iniiii,negative
Benci plk aku tengok bangsat ni fvck,negative
NYESEL GUE NGESTALK ANJING! BANGSAT,negative
Dasar cowok bangsat!!,negative
ga usah so islami kalo kelakuan masih bangsat! gua ga seneng sama lu,negative
kartu merah yg gk pntng. Bangsat,negative
Macam bangsat dalam bas. Kimak,negative
Sumpah bangsat,negative
"bangsat kau penipu,ANJING tobat lo sebelum ajal menjemput",negative
WOI APA2AN BANGSAT BANGET BANGUN2 BERITANYA BEGINI. FUCK 2016!!! FUCK!!!,negative
"Orang sih gitu sifah , hati jelek bnget!!!! Taik lo anjing bangsat mampus ajah lo!!!",negative
Bangsat!! Bangsat!! Bangsat!!,negative
Gue sih pengennya naburin di badan bapak emak lo babi! Kontol bacot lo setan iblis lo bangsat!,negative
"Weh anjing, bangsat bacot lo kontol!",negative
lu bukan ulama bangsat,negative
ASWWW BANGSAT,negative
temen apaan lo? gak ada lo juga gue gak rugi kali bangsat!,negative
sabtu minggu masuk siangan tapi jam 6 biasanya dah dibangunin ih bangsat anj,negative
Dosen bangsat,negative
"Lo bejat, bangsat, brengsek",negative
penipu nih bangsat,negative
"ketiduran, bangun bangun pengen maki. bangsat.",negative
Banyak bangsat dan kntl ini orang lo.,negative
HIH DASAR lu BANGSAT IDOLAMU BARU SEPRINTILAN AJA UDAH SONGONG lu YA,negative
Cabul bangsat.. Anjing pepek kontol,negative
JIJIK BANGSAT MASIH PAGI AH,negative
"Bejat,bangsat,biadab tuh orang",negative
"Anjir, Bangsat kau",negative
"Brengsek, bangsat, goblok, jancuk, bacot",negative
bangsat si tai wkwk,negative
Manusia kek gini harus nya di kebiri ! Bangsat bejat,negative
Bangsat alay tenan asu,negative
Bangsat. Story ig isinya rang orang pada spoiler Endgame semua.,negative
dasar bangsat sialan,negative
Ya emang bangsat,negative
Njirrr kurang tidur bangsat!,negative
Mantan paling bangsat!,negative
Bangsat aku aja sama sekali gak merhatiin sampe situ cuk ??,negative
"wahai orang tua,didik yang betul kau punya anak,bangsat",negative
Halah bangsat,negative
Kalo tau malu gaakan nge bangsat,negative
Mampus lu bangsat. Di cuekin ibu ibu.. ngabisin kuota gue lu kimaq,negative
bangsat cuti dah habis,negative
"bangsat pada homo semua,, kirain yg komen cewe malah cowo anjeng,, cewe malah gak di respon asu",negative
"aku dibesarin ibu seorang diri,terima kasih lu ga pernah hadir dalam hidup kami. bangsat anjg",negative
Potong aja k9ntolnya tuh...bangsat nih org,negative
Untung puasa klo gak udah gua maki lo anjeeng bangsat,negative
Jijik bgt bangsat,negative
"Sok bijak, padahal bangsat!",negative
"anjing absen gua kosong 2 hari, padahal tiap hari absen bangsat",negative
dibuat bacol gpp klo dijual lagi ya lo emg bangsat anjing,negative
ketrigger bangsat rcti kontol,negative
"anjing gw blm tidur bangsat, pas mau tidur malah di telpon sama bokap bangsat",negative
pagi jay bangsat jangan lupa sarapan nyet,negative
asu burung gembrot gw ga ngapa2in di tuduh robot bangsat,negative
Duh anjing nama depan lo sama lagi kyk gue wkwkwkwk bangsat,negative
susah benerrr bangsat,negative
aaaa bangsat ketauan boong,negative
Lama kelamaan eneg juga bangsat,negative
"sm tuh dalem hati apa gak 'salah mulu gue bangsat' gtu ya anying, ngakak bgt pda suuzon",negative
<USERNAME> TOLOL!! Gak ada hubungan nya keguguran dgn pake hijab syar'i yg lo bilang bayi nya kepanasan didalem gak ada hubungan nya woyyyy!! Otak sama jempol lo gak singkron sih ya jadinya asal nulis komentar!,negative
Geblek lo tata...cowo bgt dibela2in balikan...hadeww...ntar ditinggal lg nyalahin tuh cowo...padahal kitenya yg oon.,negative
Kmrn termewek2 skr lengket lg duhhh kok labil bgt sih mbak kya abege ajah ato yg kmrn cari sensasi biar top markotoppp ertong gk berkualitas,negative
"Intinya kalau kesel dengan ATT nya, gausah ke anaknya juga. Kasian buat perkembangan psikis anak kedepannya. Itu orang bener bener tolol, skrg seandainya dia punya anak, terus anaknya dikatain sama orang yang benci sama dia, gimana perasaan dia ? Benci sama seseorang boleh, tapi harus tau batesnya ?? toh namanya manusia, gaakan semua jadi penyuka, pasti ada haters ??",negative
"hadewwwww permpuan itu lg!!!!sakit jiwa,knp harus dia yg jd peran utama di film hantu jeruk purut,ky khabisan stok Artis ja",negative
"Pantesan di tinggalin laki, ya lakinya juga mikir kali kalau perempuannya kayagni. Ngurus diri aja dia gak becus gimana ngurus anak, mending anak sama bapake nya aja bener didiknya",negative
"kebiasaan balajaer nyampah d ig para artis..suka2 yg punya ig lah mau bikin caption apa,kok balajaer yg heboh dan asik ceramahin yg punya ig.tar lama2 d bikinin lagu sm teh melly loh balajaer yg berjudul""ketika balajaer bersabda""demi seonggak koin laknat nya.balajaer ngamuk berarti mengiyakan banget koin laknat nya jd penggoda d rt nya gigi.duh elah balajaer kami smua tau kale kelakuan biduan lo itu kek apa.minus segala2nya!lagi masih d bela mati2an,pd sakit jiwa",negative
krn sebagian besar rakyat indonesia itu bodoh. Tdk bisa membedakan mana yg baik mana yg buruk. Sdh tau prilaku buruk tdk tau sopan santun itu yg dipilih jd panutan. Lebih mengidolakan yg murahan dr pd yg berkelas dan ber etika,negative
ayu janda bego pny suami kpn nikah laginya?,negative
"Anyiennnnggg.. Suaranya ancur banget, lebih merdu tukang gorengan",negative
"Syarat sah nikah menurut agama islam hanya 5 yaitu : adanya CPP, adanya CPW, saksi, wali nikah dan mas kawin/mahar. Perkara makeup gak manglingi bukan syarat sah pernikahan. Sekalipun gak makeup tapi syarat yg 5 tersebut terpenuhi maka pernikahannya SAH yak emak emak julids",negative
"Cewek gatau diri nih, ngerebut pacar org. Udh mana punya abang yg ngedukung sifat jeleknya lg. Ckck",negative
<USERNAME> eh... Situ siapa??? Kids jaman now ya kebanyakan micin.. Mna kata aku yg ngina??? Bego dipelihara??????,negative
Jijik liatnya suer deh minceeee,negative
"Emang bukan hal tabu ciuman gitu (iya emang) tapi yg bikin eneg itu ""PENCITRAAN"" nya yg sok alim sok baik sok bijak dan sok sok yg lainya. Seandainya dia lebih apa adanya itu lebih baik dari pada pencitraan. Bukan sok alim atau sok suci serius!",negative
"Yg jd masalah disini adalah 1. mereka ciuman dpn org bnyk yg SEHARUSNYA sih punya rasa MALU, kecuali mgkn lg mabok jd gak ada rasa malu. 2. Mereka berteman?? Helooow sebuah pertemanan tdk akan melibatkan ciuman BIBIR, coba aja kalian bayangin, sanggup gak ciuman bibir ma TEMAN? pasti lbh dr teman lah itu. Dasar Kelakuan Kids jaman now yg emg bego, bukan krn kebanyakan micin lho yah ??",negative
Anjing nya ngamuk..hidup kok dmana2 pny musuh..udh kliatan mna yg baik dan bukan..org baik ga pny byk musuh..,negative
"<USERNAME> ahhh katanya jaga ucapan, lahh ucapan dia ngk dijaga sendiri.. dasar munafik.. dasar betina zaman now ellu kali yangg kelebihan micin.. loe sendiri otak loe kan di selangkangan mana paham.. semoga Tuhan ampunin kemunafikan loe cun",negative
"<USERNAME> yaa ampun ini upil naruto,, kata2nya makin mencerminkan klo dia yg sebenarnya pecun.????pengalaman banget lu yaa. Kesian. Gua jadi prihatin. Mati aj deh lu. Ngotorin dunia manusia macam kau.??",negative
"Cuman jual goyangan yak, suara macam taik...",negative
Kasian ih nyari uang sampe segitunya,negative
anjir tontonan yg sangat tidak bermutu!,negative
"Dlu inul goyang ngebor baju ketat dcekal. Hrs ny ni jg dg sgja goyang dada mulu, suara ga sbrpa. Mrsk moral ank muda yg nnton bawaannya nafsu aja nanti ????",negative
Pnyanyi dangdut yg ga berkelas bgini nih... bukan'y nonjolin suara malah nonjolin dada,negative
"Najis najis udh homo aja harusnya, org kaya gini di musnahkan dari muka bumi",negative
"Haduuh ini orang gak punya akhlak bangeg, perasaan kerjaan berantem mulu, banyak musuhnya",negative
S lonte ini bkn sensasi ngjak ribut org mulu sampah,negative
Kayak banci dh mirip nenek2 pny cucu . Mw di operasi di mua top ttp aj klo asli ny g cantik luar dlm..,negative
Dan lebih bagus lagi kalo mingkem aja hahahahahaha jahatnya akuuu,negative
Walaupun Oplas ATAU dipermak sekalipun tetep jelek. POKOKNYA MUKANYA TEGANG KEK BANCI. UDAH SEKIAN??,negative
"Mending liat dek molen biarpun cowok tp cuantik, gak kaya ini cewe tp malah kayak bencong wkwkwk ??",negative
bencong rombeng.menjijikan!!!gay jg.,negative
"Orang gila itu ???? pengen HITZ cri tenar rela dipenjara? Cari sensasi settingan supaya beken smpe hina2 org,,, astagfirullah... Sekaya apa sih??? Org kaya mulut nya ky sampah,ga sekolah ya???",negative
Cowok macam anjing cuihhh... Orang kaya tidak akan pernah berkoar gua orang yang ping kaya sedunia...karena semua orang juga tau klo dia orang kaya... Orang kaya malahn berperilaku sebagai mana orang sederhana buat apa memamerkan kekayaan di dunia di akhirat mampus lu harta kagak akan di bawa mati yang pants di buang ke laut itu lu orang yang paling anehhh,negative
"cari sensasi supaya tenar, trus banya folowers nya. gak gt gt jg kalee... darar orang setres, ngomong aja masih belepotan gk jelas gt. kamfungan",negative
ngomong aja belepotan banyak gaya lu bencong,negative
Orang kebanyakAN makan TAIK ya gini!OTAKnya udah penuh sama TAIK jdi gak bisa berfikir positif!dari cara dia berbicara aja Gak BERMORAL!dasar kaum2 LAKNAT BANCI ANJING kbanyakan BURIT SIH LO jdi Stres!MANUSIA ogah JUMPA sama LO anjing!cuma ANJING yg mau ketemu sama LO taik!,negative
Sikat abiss lahh orng2 sialan kaya gini. Pemimpin negara sendiri gak di hormatin. Jgn mentang2 Bapak President kita terlalu baik jadi di sembarangin. Saya marah.. Gak boleh kita hina pemimpin kita sendiri.. Saya harap segera di tindak hukum orng iniÖ,negative
Jijik banget lihat tingkah si upil ini. Mudah2an secepatnya tidur selamanya,negative
"WONG EDAN NIH ORANG, UDH MAKAN UANG RAKYAT TIDUR PULA",negative
"Manusia laknat, matinya di apain ya",negative
Sakit di otak sama hatinya itu mah dia. Udah gak ada nurani dan urat malunya. Pajak saya loh yang ngegaji orang2 gila hormat ini,negative
Anak babi bangsat pengen sumpel timah panas ke congor lu biar modar,negative
Pengen sumpel timah panas ke congor si anak babi pesek buruk rupa,negative
Hey anak bangsat babi pesek buruk rupa keriting.pengen penggal leher lu sampe putus??lumayan buat makanan buaya??,negative
"RATU PELAKOR SEJAGAT RAYA, DIMANA2 LONTE YA GAK PUNYA MALU. YG NGERASA LONTE DISINI TOLONG PUNYA MALU DIKIT",negative
Wah ini mahhhh pertemuan buah ranum dan buah busuk ??....dah tau dong yg busuk yg manah ??????????....mentok2nya mah gitu aja kalo pelakor??,negative
"Ah manda mah gatel, ga bisa liyat cowo dikit lgsg disosor.. Begok aje yg mau ama manda . kegatelan jadi cewe",negative
"Si amanda mukanya ke tante"" umur baru berapa tp muka boros banget .... dasar cabe . Jujur gua mah kgk suka ama ni haltis",negative
"Astagah, demen ama cewek dekil kumel. Ibaratnya dari nagita turun ke att. Nagita kaya emas att kaya barlen",negative
Alah laki laki jaman skrg sm aja. Sama sama bejat. Mau ustad kek bukan kek gila bgt sm perempuan yg bukan istrinya. Aku stju bgt sm yg di blg ustazah  <USERNAME> . Msuk surga bkan krna poligami. Msh bnyk hal yg kita buat supaya bs jd akhlak baik untuk bs masuk surga. Yaa smoga aja sih perempuan perempuan pelakor diluar sna mendapat azab yg gak diampuni. Yang hidupnya gk bakal selamat dunia akhirat,negative
Gilaaaaa pelakor banyak bnget laki2 gatal juga banyak alasan untuk berpoligami woiii mikir pake otak haduh saya pikir dia org pintar tau agama mana baik mana buruk.... Allah menguji kesetiaan dan nafsunya eh malah kaya gtu... Menyakiti istri sama sja menutup pintu rejekimu... Anak istri kau korbankan! Sbg seorg imam keluarga dia telah gagal mmpertahankan rmh tangganya mencoreng nama baik nya sndiri... Smua org suka skrg benci sama dia.. M,negative
"Biasalah kalo pelakor banyak yang lbh ancur mukanya dari istri sah.. barang bagus pasti cepat laku, karena pelakor jelek nggak laku makanya ngembat laki orang.. ya udah sama2 GATEL kok.. cocok wes..  <USERNAME>",negative
"lama2 ilfil deh sm ni ertong. caption/ig story nya ngomongin org mlu, org kan jd ambigu nilai si a si b si c. udah gt kaya paling di zholimi, salahinnya depan lawan dong jgn ngmg di status ah. kata nya dewasa ??",negative
"<USERNAME> ini lagi pemikiran manusia bodoh, eehhh tante/ibu/oma/empo, otak lu picik bngt ya, dia jga manusi biasa ada larangan emang di dunia ini orang di larang ngungkapin unek2???? stupid human",negative
"Heran deh yg ngatain si via baperan ya wajar lah dese baper karena udin muak sama orang yg munafik sok""an baik sama dese, lah apa kabar yg sering baperan sama laki orang ? Ga pada nyadar diri tuh pemujanya att, bukannya pada gotong royong buat nasehatin att ini malah menggila buat muja"" att dan mojokin viaa. Dese juga manusia keles ahh",negative
"<USERNAME> itu yg komen via nyinyir mulu duh kyak dia gak pernah nyinyirin orang aja, mungkin lebih parah, kalo org sudah sok bener mah gitu, pdhal ini kan media sosial, hak dia dong instagram juga instagram dia, yg penting kan nyinyir gak pake ig s",negative
<USERNAME> bisa nya cuma ngatain org . Nyindir siapa ..netijen goblog banyakan masyako !,negative
"<USERNAME> cara didik ortunya nagita bagus, makanya amat sangat heran dg balajaer, kan nagita yah yg dirugikan sm junjunganny.. Knp dia yg dibenci, bodoh bgt asli.",negative
"<USERNAME> pdhl km lebih kampungan loh,pake kerudung tapi mulutnya cuihh..",negative
Belajaer tuh apa ya? Hahahaha bela artis ampe sebegitunya... manusah2 begoh ????????,negative
"<USERNAME> iya banyak berarti mereka norak kampyuung, coba liat artis yang adem ayem liat isyana liat agnezmo liat mba liaaat..... jangan diliat aja coba di telaah deh, dikasih tau contoh artis yang better eh jawabannya begini ya cocok la",negative
"<USERNAME> gak usah sok jadi high class mba, liat komenmu sendiri, memang semua artis itu sama, beda2 mbak, ada yg suka curhat di ig, ada yg curhat ke temen ada yg curhat ke Tuhan.... ngak usah trus mulut situ maju dulu otaknya belakangan mikirnya, yg curh",negative
"<USERNAME> lah goblok amat, gak semua netizen yg kontra sm postingan si via ini bakajaer kali, mba/mas. Ih goblok kok dipiara. Lol",negative
Ini siapa sih emg artis? Ko artis indo bukan ny ngurus prestasi malah di sosmed ny beginian mulu isi nya jd jatoh nya kampungan,negative
"<USERNAME> baru itu aj kn y mba, apa lagi kaya agnes mo bnyk penghargaan ny tp g kampungan beda am yg ini",negative
Munafik bgt yg ngomong curhat di sosmed kampungan... Gua yakin elu juga kitu keleusss wkkwkww..... Mending mba via dia artis cantik bs nyanyi.. La elu pada? Lbh kampungan wkwkwkwkw!!!!,negative
<USERNAME>.wawan zzzzz emng ini artis ga punya tmn apa? Dikit dikit att hahaha lagi juga apa apa curhat di sosmed kampungan,negative
Lemes ya mulutnya. Berani lewat ststus udah gitu tulisannya sengaja biar ga kebaca takut kali di labrak. Mmmm artis masih kampungan sih ya jadi wajar lah ya ????????,negative
<USERNAME> main main lah ke jawa timur.. Biar ga begok!!,negative
"<USERNAME> dia udah nunjukin karyanya, situ pny karya apa? Karya nyinyir hidupnya Via?? Tolol ??",negative
"<USERNAME> siapa bilang gw fansnya Via?? Duh nantangin gw nih org... anak tolol ank alay, jablay!",negative
<USERNAME> yutub apaan ya mba? Aplikasi baru ya? Sy taunya youtube. Mba gak tau apa ya seseorg bs dpt penghasilan besar salah satunya dr youtube loh. Mreka jg di bayar apalagi klo bnyk yg ntn video mreka. Sekolah yg bener deh mba biar pinter. Generasi muda,negative
"gue suka gangerti deh yaa, kenapa kalo via vallen bikin status atau apalah itu disangkut pautin ama att mulu?? padahal att nya aja biasa aja.. Fansnya sih yg bikin jelek.. Orang kalo di sangkut pautin mulu jg lama-lama gerah kali..",negative
Jujur aja ya ni org malah bagusan kaga oplas..ada tu foto dia sblm dn sesudah oplas..dioplas mukanya aneh...kyknya gagal oplasnya...,negative
Noraaak abiiis... Baru kebeli emas az pamer aplg mainan berlian ciiinnnnn.... ??,negative
Before and after pasca oplas ga ngefek ya.. tetep jelek n serem mukanya..ahahahhaha..,negative
"Salfok ke mukanya, sumpah jelek... Oplas apaan model begitu... Failed!!!",negative
Norak bener. Kegaet penjahat baru rasa.,negative
"Najis..,apalagi d philipine biasa bgt kali,d sana aj bangga..jd perusak moral ko bangga..najis banget liatnya.ckp d sini aj komen ny,dia pngn ngetop lwt nitezerrre.....wkwkwk..ngarep laku",negative
Yang gua bingung jujur kenapa media pada rebutan ngeliput ini orang. Kayaknya cuman net doang media informasi yang masih waras,negative
"Bukankah Jedun yg ga becus jadi perempuan terhormat, ga becus jadi perempuan cerdas, ga becus jadi perempuan yg mencari suami sah bukan suami orang, ga becus jadi perempuan yg menghindari narkoba, ga becus jadi perempuan yg menjaga nama baik keluarga... semoga hanya ada satu perempuan yg kayak lu di dunia ini ya Jedun",negative
"cewe yg bgni yg hrsnya gosong jd abu aja di kebakaran pabrik yg lg viral kmrn tu. bnr2 slain ga brguna, gda otak.. cm modal ngangkang trs gebet laki org trs bangga.. btw klo emg instastory nya buat nyindir sesebini tua mah. ehhh at least biar ga becus jd prewi tp becus cuii jd emak. buktinya anak nya bejibun trs smua pro ke emaknya drpd bapaknya",negative
"Hahaha..kasian ya...gak becus jadi perem...harus ngerebut laki orang dulu biar dikata ""perempuan""? Dasar perempuan tak sadar diri ente cuy.",negative
Dasar artis abal abal enggk laku di layar kaca...udh Enggk ada duit kere Miskin..Jadi maen k dukun buat minta elmu pelet perebut suami org yg kaya...,negative
"ih dia kan paling becus makrum, paling becus ngrebut suami orang hehe????",negative
Eeee si pelacur. Situ becus jd brempuan emang? Becus jadi sampah sih iya. Edeuuuuuh lonte lonte,negative
"Biarin,,,puas puasin mumpung deseu masih brasa muda. Ntar klo dah tua juga nyaho! Karma itu ada.",negative
Dia ini punya anak perempuan lho. Ibu macam apa contohin jelek ke anaknya. Jauh dari kata BECUS ini perempuan. Amit amit...,negative
Kaya becus aja jd permpuan dia yng g becus jd perempuan ko sukanya sm laki orng heheh,negative
Yg gk becus tuh loh jedun...hidup nya cuma bisanya ngerusak kbhgiaan org lain .mau hidup serba mewah tp g mau krja mlh morotin laki org..karma psti akn mnghampirimu????????,negative
Gue gak suka sm ni orang. Idupnya kebanyakan ribut.,negative
"Yg nama ny plagiat ya plagiat, walaupun laku tp tetep ajah ciptaan dri hasil plagiat..wkwkwkwk gua mah ogah dwngerin ajah udh pngen muntah",negative
"Dasar plagiat semuanya, ga bisa kreatip.memalukab bgt",negative
"Dan dengan begonya dia bilang ""apanya yang sama yaaa liriknya aja tentang percintaan gitu kok lagu saya"" bener2 tolol si ayu. Gapunya kuping apa y orang yg dipermasalahin nadanya ????????",negative
Itu pacarnya anggel pietrs kali.... dan cowok itu juga masih bocah....  <USERNAME> yaelah jes.. terxta kelakuan mu sama aja sprti ayuting2 Hidupmu penuh dengan drama MURAHAN,negative
"japok gateeel emang,uda jelas dia ada main sama si mamad,sampe"" si jessica dimusuhin,deddy corbuzier aja jijik sama si japok semenjak nagita diundang di hitam putih berarti nagita cerita di belakang panggung,itu aja sih menurut gue",negative
<USERNAME> lebih memalukan anda buk ...ngomong pelakor emang ibuk udah pernah jadi pelakor ya kok bisa tau ayu pelakor wkwkwkwkwk. ..awas ibu nanti malah justru rumah tangga ibu yg dimasukin pelakor atau anaknya nanti jadi pelakor ..,negative
Wah itu Kerdus mulutnya busuk...jangan jangan sampah makanannya,negative
<USERNAME> TAI loe di gedein bagus buat pupuk jngan bacot loe goblok !!! nih cewek knpa bawa2 suku ?,negative
LAH ELO ARTIS APAAN? PAPAN BLENYEK AJA BELAGU AMAT ARTIS APAAN KGA POPULER SAMA SEKALU HAHAHA,negative
ANANG MUKA NYA KAYA BABIII GITU AJA DI DEMENIN JIJIKK,negative
"Kalau ga suka sama ayu ting ting ga usah separah itu dong ngejudge nya. Punya HATI dan OTAK kan? Dia juga manusia punya kekurangan dan juga punya kelebihan dan dia juga punya perasaan. Jadi jangan seenak nya menjudge orang seperti itu, kaya udah SEMPURNA AJA LO!  <USERNAME>",negative
"Ga pantes dipanggil ustad..org munafik ceramah sana sini org kelakuan sndr aja menzolimi istri sah nya dgn poligami diam2.kacian istri pertamanya,ga tw malu istri keduanya.. hadeh klo ada yg msh manggil dia bwt ceramah namanya bodo..",negative
Biadab!! Klo nanti anak lo di bully.. Gue mampusin ya!!!,negative
"Dasar ANJING tuh cowok bukan org, berani sama cowok biasa one by one jangan sama yg lemah, dasar yah cowok2 jaman skrg, casing doank cowok, nyali nya lebih2 dari banci",negative
"<USERNAME> iya kasian si micin?? padahal perusahan produk micin mengiklan kan kalo masak ""tambahkan micin biar tambah sedap"" netizen menyudutkan mecin seolah semua kebodohan orang yg punya gangguan jiwa ngemil micin??#justiceformicin",negative
Wahh jngn2 ini Vidio lama...kok bajunya norak bngtt seorang ayuu...terlihat murahaan,negative
<USERNAME> bego lo ya,negative
Editan banget itu. Ya ampun si mommy lambe kehabisan gosib ya buat si pelakor ?????????,negative
yah admin nya termasuk golongan pengonsumsi mecin dan pil pcc.. otak lu rusak min?,negative
cuma org govlok yg prcya ayu slgkuh sma rafi.buktinya rafi sma gigi skrg baek2 aja..dan ktamu ayu itu pelakor?? SUAMI Siapa yg d rebut woyy?? skrg ayu punya suami?? fikir pke otak mkanya jgn kbanyakan micin kan jdi govlok,negative
<USERNAME> hoy barisan sakit hati ?? jijikk banget.. fans billy mah ALHAMDULILLAH bgt billy putus sama manusiaa buluk ituu... itu yg ditunggu lama2 akhiry putus juga.. dan sekarang kobil jg jijik sama ni orang :v,negative
"MBA  <USERNAME> KALAU lu GAK NGERASA CINLOK SAMA BABANG ANTHONY TERUS KALIAN AWALNYA KETEMU DIMANA SIH? DI SINET BOY KAN? ALAH NGAKU AJAAA. BERARTI KAN MBA DUMANG CINLOK, JANGAN SOK2 BILANG GAK CINLOK ITU NAMANYA PEMBODOHAN . WAJAR DONG NETIZEN BILANG RATU CINLOK KENYATAAN EMANG YA KAN? JANGAN MARAH .... RESIKO JADI ARTIS HAHAHHAA PINTER2 YA MBA KALAU MAU CARI ALASAN HAHAHAHAHA",negative
"<USERNAME> Noh urus tu kuin lu, biar ga gatel nempel2 ama laki orng, masyarakat udh tau kali japok gundik janda gatel,udh kenyataan nya begtu KATANYA ANAK SHOLEHAH AGAMA NYA KUAT TAPI MATA KULIAH AGAMA CMA DPT 1,KATANYA AGAMA NYA KUAT TPI HAMIL DI LUAR",negative
"<USERNAME> bilang tu sama kuin lu, jangan gesek grepe ama lakik orng, ga malu apa udh hamil di luar nikah, kegatelan amat jadi janda",negative
"<USERNAME> please lo jangan bela pelakor,ini semua hukuman untuk si muljem karna uda tega recut suami sahabat sendiri,dia lagi menjalani sanksi sosialnya!! kenapa valakor mesti dibenci?? karna biar ga ada valakor"" lainnya di Indonesia,biar musnah sem",negative
"NAJIS. INI BARU MUAKK, MENJIJIKAN, PELAKOR. JIJIK",negative
Semoga pelakor2 kena karma dan semoga dapat karma yg meninggalkan istrinya yg bwrjuang dg dia dr nol tp setelah sukses selingkuh dan sok jd penguasa ke istri ya..,negative
Sedih ya skrg ngamen di kawinan org .. mantan istri mahhhh naik pesawat jet .. bhay pelakor n botakbego ??????,negative
<USERNAME> heeehh lo pelakornya yaaaakkk??? Ngapa lo jadi emosi??? Situuu kenal gw??? Kalo berani pake akun asli dong. Pantes pake akun bodong! Ngerebut laki orang juga diem2. ?????????? keceplosan yak pake aku bodong. Ngakak gueeee ?????????? lucu lo!,negative
Wkwkwkwk udh gak laku lagi jd nyanyi dhajatan si lonte pelakor,negative
"<USERNAME> wakakak banyak lah cerita kyk gituu, buat pembelajaran aja.. jgn sampe ni swamik swamik lebih milih ke pelakor drpd istri pertama. Bakalan hancuuurr bookk ga bohong deh. Bakalan kere bakalan kismin bakalan nyungsep. Emang yg ngatur rezeki tu tuha",negative
Ini cwenya yg bego apa cwonya yg pinter ya ?! Emg lakinya kaya ?! Atau macho atau apa gitu plus nya ? Kayanya cuma jago gombal ?? atau maennya gesit ?! Ulala #ngakakabis,negative
<USERNAME> lu itu yg bodoh! Ngapain keluarga depok komen org yg gak ada artinya lagi buat mereka??. ..cuma kalian aja yg hidupnya gak bahagia yg suka menghujat orang dan hidup artis ayu terlalu berpengaruh buat lu!!. Emang dasar lu benci ayu..klo,negative
<USERNAME> saya mah lihat yg terlihat jelas.. bukan main prasangka kayak elu.elu itu haters kayak dukun...dukun titisan dajjal .. sok Pinter tapi otak kosong?????? sorry ye.. gue bala Nabi Muhammad yg percaya klo udh ditunjukkin 4 saksi Dan bukti.. klo,negative
Mata ku sepet baca koment fans ubul empang ..minggir woy bikin rusuh aja nih jaer amis jijik sumpah.soal enji sm cewek lain ttp aja bala jaer nyampah bikin ribut .,negative
"Ini siapa sih si enji, hartis kah ? Males banget jijik laki model beginian mah gak ada tanggung jwbnya. Ayu bunting di tinggalin anak gak di akuin, skrg anak udh nongol bilqis cantek eh sampek bini nya ngeposting yg seolah enji kangen anaknya. Najonggg jijik betoll.. Dah deh min gak usah di bahas lagi laki macam begini, hartis aja bukan gak ada panutan yg bisa di ambil  <USERNAME>",negative
"<USERNAME> bego nya lagi pede amat ngomong seolah yg dia bilang paling bener, padahal bukti aja kaga ada. Mau keliatan pinter jatohnya bego??",negative
Yang pada bilang enji ganteng bebas slingkuh bego kali. Ganteng pala lu bau menyan. Gada ganteng ganteng nya. Kebanyakan gaya kek mantan bini depok nya.,negative
"Sebenarnye cocok enji sama att, sama sama GATEEEEL hahah pantesan si tongtong dipertemukan dgn enji, udh hukum alam klw jodoh kita cerminan diri kita, nah si entong hrsnya bekaca dgn masa lalu biar sadar tp teryata otak 1 M tetep mau di pertahankan jd skrg mlh menjadi jadi guatelnye, sama aja kek enji, hah",negative
"<USERNAME> oalaahhh,, semakin banyak aja pelakor ?? laki nya jg kegatelan, tp namanya laki ibarat kucing di ksh ikan jaer gratis ya kga nolak wkwkkwkw",negative
"Begitulah laki2 ya sis, lebih suka pecun2 murahan, daripada prempuan baik2 berjilbab ato pintar. Enji2, kok downgrade sih? Dari pedangdut naik kelas prempuan berjilbab ehh milih sama pecun lagi.. jeleknya seleramu",negative
Motorninja aj songong amat mba org yg punya mobil lamborgini aj biasa wae kok ????????,negative
GoBlOk ?????? gua nonton berkali≤ kaget juga ??,negative
"Ga usa pake anjing, babi!! ?????? kalo gw bls gitu wkwk",negative
Oh ini toh yang kemaren TIDAK MENGHARGAI KARYA ORANG DAN SEENAKNYA BILANG JELEK BANGET... Aduh itu penganten perempuan nya KEKENYANGAN yah... Ampe kembung gitu perut nya... #pepuraLuGU,negative
"Dari awal percaya gimik Raffi gigi dn att...sehingga att peserta keluarga di hujad dn anak ny...di hujad ...semakin kesini penonton semakin di bodohin?? semakin publik tertuju mereka ??????yg kasihan para penghujad ....ga apa"" lah ayu ga ada di pesbukers biar dia ngeluarkn album"" baru single baru setelah para artis halan"" keluar nengri gimik"" apa lagi yoo",negative
"Kalo bener gimmick, bodoh banget si ayu cuma demi rating n popularitas berani taruhin harga dirinya buat di nilai buruk oleh mata masyarakat ????",negative
Susah otaknya diemvang mah bikin rusuh dilapak orang,negative
najiiisss kayak si mba dese ga gitu ajaaa. hahahahaha maling teriak maling. ngaca buuuuuk,negative
<USERNAME> IYAK KAA HAHAHAHAH geli bgt gasih sama att ih kampung abis:(((,negative
"JOGETNYA BIKIN NGAKAKKK ANJIRRRR, KAMPUNGAN BANGET??????  <USERNAME>  <USERNAME>",negative
Bagus la gue berarti ada otak gak kayak lu malu maluin mak lu aja tong akun asli di pake tu yg namanya bego!  <USERNAME>,negative
"Yg bego mah elu, ibu mana sih yg mau ngasih contoh buruk ke anaknya , pake mata lo, emg ada di dugem bawa anak , bego sih -_- jaman udah texas , dan gue jamin dijaman anaknya jga pasti udh lebih texas . Selagi ga ngerugiin lo yaudah . Sewot banget .",negative
"Si wanita jahiliyah.. Lesbi , skrg udh py pacar lg. Kasian anaknya. Kmrn di ksh bencana slnya dia tega misahin anak dr bapak nya, dia ktakutan anak nya masuk islam pdhl bp nya g prnh nuntut anaknya memeluk islam. Udh di ksh nikmat anak 3 org, msh aja begajulan.",negative
<USERNAME> gw tanya. Emang kador artis beneran? Komen lo tolol sumpah. Masa harus kenal dia buat nilai dia artis atau bukan. Hahaha semua org indo jg pasti setuju kalo kador bukan artis tp cuma celebgram dr kampung. Lo tau kan bedanya artis dg selebgra,negative
<USERNAME> hahahaaaa trs gue tanya. Lo tolol? PAke nanya kador bencong atau ngga padahal blm kenal wkwkwkwkw. Eh semua org jg bisa nilai si kador bencong beneran dr gerak gerik melambay suara ngondek dan pake baju cewek begitu nyaman. Mana ada cowok tu,negative
"<USERNAME> maklumin shaaay... Fans gatis keras itu otaknya bebel, realita seperti apa jg ga bakalan dia terima... Seperti halnya nagita itu artis uda dr jaman dia kecil eh di bilang numpang tenar ke rapi mamad,pdhl kan yg jadiin si mamad gede y PH n",negative
<USERNAME>.bee idih najong lu tag2 org! Nimbrung aja kek mujaer lo! Dia ga bakal terkenal klo ga bawa2 nama ayu ting ting sm nagita! Duh bego dipiara! Kesian,negative
"langsung saja bilang siapa yg di maksud, klu gini namanya MUNAFIK!",negative
"Jedar emg muka 2 kali, didepan baik, dibelakang busuk, mulutnya kek banci cucoklah 2 banci tu",negative
AMIT AMIT DEH ORANG JAHAT... PENJILAT PEMBOHONG PELAKOR JIJIK BANGET,negative
"Wkwkwkwk... Ya Allah ya Tuhan ku knp lah org2 munafik ni tp sok suci, mulan jamela kan ayu ting2 ngikuti jejak a bukan? Wkwkwk  <USERNAME>",negative
"Dlu si pelakor ini yg sombong krn brhasil dapetin si botak smpe mnceraikan bunda maya,skrg hdp ny mkin anjlok malah bunda maya yg sring jelong2 kluarnegri..??????",negative
Hahhahaha dan sesungguhnya allah swt melaknat wanita perebut dan pezina dengan suami sah oranglain ????????,negative
"@w.lina2706 hemmmm capekmiskin sist, skrg blik kere lg jd artis jg g laku, dah lah karma tu pasti ada...  <USERNAME> dr pada sirik nyinyirin nyonya, tuh bantuin jualan cireng nya tuh, cilok nya tuh untunnya buat liburan monaco, jangan bromo trus",negative
Kepo juga sm nyonyiah lu jongos  <USERNAME> emng tetehlu pas hamil peak udeh dinikahin ?? Brojol anak br di sirih EMNG LONTEEEEE kelas akun jamahliur dan junjungan hehe ??????,negative
"Eh jongos cba gue duluan yg nanya sm lu .. emng nyonyiah ada gembar gembor udah nikah.. adakah nyonyiah ngaku udeh nikah ???? Dr pada tetehlu yg lonte perek itu tiba"" brojol dan ngaku nikah siri sm laki nyonyiah dan hamidun sapeak anak ilegal dibilng FITNA KEJI haha lonte menolak lupa xixix ??????  <USERNAME>",negative
"<USERNAME> sini gua jawab currr ya bunmai sdh pernah nikah Tp sekarang janda dia janda karena suami nya di rampas Mulan jameela,menjijikkan banget ya Mulan jameela sblm rmh tangga bunmai hancur sdh berani bilang Dani suami bersama aduha udh wanita be",negative
"@w.lina2706  <USERNAME> lucu aja ya sist, lonte di bela2 mati2an... Guoblok di pelihara, di bayar berapa gt sama muljamban, sampe bikin account  <USERNAME> mau maia nikah atau blm nikah apa urusan situ, kelihatan nyinyirnya sirik nya. Sekarang balik",negative
"Yaela muljem kyak stu bner aja. Gag inget apa udh ngrusak kbhagian klwrga org. Bego d prtahanin y gini ini,",negative
Banyak lakik doyan banci! Jadi banci & kawinin banci.... jijik!,negative
"<USERNAME> itu comment yg tidak anda lihat, ada brp banyak. Jangan jadi pengguna medsos yg bodoh jangan asal bunyi. Situ sehat pakai hijab masi nyinyir aja??",negative
"<USERNAME> malu tuh sama kerudung lu sayang, sama ibadah nya. Sholat aja drpd nyinyirin org dandanan udh sok suci mulut nya kaya sampah??",negative
"<USERNAME> tolong di baca arti dr comment saya, udah kerdus+bodoh lg bilangin org tua nya besok kalo masak jangan pakai mecin, jd udah kerdungab ga sesuai mulut. Besok makan salmon kalo g mampu besok aku tak deliv ke rumahmu .",negative
"Maaf mukanya jelek terus attitude nya buruk,,spesialis plagiat,,dan ketauan pula ,,,",negative
"ini orang otaknya ga pernah di sekolahin ya? itu resiko ketika udah upload sesuatu di sosmed, ya pasti bakal dapet perbincangan dari netizen. public figure kok ga ada otaknya.",negative
Artis kampungan wkwk,negative
"Iyaaa gue pernah pacaran? Udah nikah malah, tapi gak seNORAK eloo.. Gak risih emang? Jgn asal aplod, Perhatiin followers lu yg lumayan banyak itu, tar kebawa norak.",negative
y ampun pnyanyi dangdut kurang tenar songong bangt BACOTNYA ??pngn nyari sensasi tapi kmpungan bangt deh amit amit bool ko d instastory,negative
Waaaaoooo..sopan sekali.. bahasami menunjukkan kelasmu !!! Heeeehh.. yg repot ama hidup lu siapahh ?? Elu live nampilin hal2 gak penting..yg nggilanikk.. menjijikkan..diliat org banyak.. ya pantes lah dikomen..klo gak mw dikomen videoin pribadi aja.. nonton sendiri lu ama kluarga lu di rmh.. nambah lagi niy ertong yg gak pny attutude!! Kampungan!!,negative
"Norak sih,kayak ga ada malunya.kl dia bilang terserah dia,ya udah,simpan fotonya.gak perlu dibagi kesemua orang.lah ini dipamer kemana,resikolah dinyinyiri orang.Insecure banget,kudu ya pamer2 gitu biar semua orang ngerti kl si mbaknya udh py pacar yg bisa dipamer2 pantatnya?Kampung bgt",negative
Koq marah sehhh???dasar wanita kampungan...??,negative
Kampungan.... Artis yg numpang tenar gara2 mukanya mirip Katy Perry doangÖ,negative
Susah kalo artis kampung,negative
"Ah min, gue lama2 gak suka sama akun ini nih! Berita nya basi! Lo liat dong min.. itu si kellen sama amora lagi dateng.. pake ikut jingkrak2 kok!! Lo saring dulu dong min.. biar berita nya gak blunder.. lo posting juga tu KD udah posting videon kellen ma amora lagi joget2 ma si arsya arsyi!!",negative
"<USERNAME> iya""km bening, kelewat bening jadi buluk kan ya mbak ?? mbaknya baru nelen apasih komen kaya gini? Apa baru kesurupan ?",negative
"kita sekeluarga sangat ngefans dan kagum lihat  <USERNAME> semua nya deh.tapi lihat anak nya yg jelek,buluk kan.  <USERNAME>.hermansyah  <USERNAME> kutuk kan apa yg menimpa bunda KD untung Allah swt sudah menggantikan amora dan adik nya.gemezzzzzzz lihat nya cocok banget jadi Anak artis se class bunda KD ??????",negative
Emang dasar si anak nya aja yg lebay....urusan pribadi di umbar..biar di blow up... hadehh..gunanya whatsapp sms or telp buat apa..suka aneh....,negative
"Coba liat bibir mu sayang, seperti pantat ayam. Wajah mu bulukan seperti kentut?? perfectoooo?",negative
Gagal fokus dengar suaranya.. koq jengkel ya dengernya... sorry cuman manusia biasa kalo jengkel????,negative
"Muljem ngomong gak jelas blepotan, gak nyadar mau idup enak aja pake rebut laki orang dulu",negative
??lucu ya si yg bikin kata2.bawa2 Tuhan.kalau dah kepepet. Masa dia ga tau ibarat apa org yg merusak rumah tangga org.ibarat merobohkan bangunan masjid mbak nya.bayangin aja seberapa besar nya dosa mu.nasi dah jdi bubur mba nya moga bisa bahagia di dunia.??,negative
Iyah bener. Tidak Akan merubah pandangan Tuhan terhadap Kita. Terutama elu Setan!! Makanya mikirrrr.. suami majikan kok diembat!!,negative
Gilingan mulan jalang lg kasih ceramah. Hahahaha . dasar cireng gak tau diri gak pernah ngaca. Si cireng lg ceramah sok2 kyk pahlawan kesiangan biar bisa berteman ama sekuter kyk selpii ini.,negative
"Ya pandangan Tuhan terhadap lo juga jelek sih gue rasa, dikira perebut suami orang tuh mulia apa dimata Tuhan?????????",negative
"Karna sejatinya kau adalah setan berwujud manusia ,,karna pekerjaan setan ya menggoda manusia ????",negative
Pernah ngga mba  <USERNAME> baca ada netizen yg nyesel ga bs nimpuk telor ke si mulan..gw aja ketawa bacanya krn terwakili. Ya ngapain buang2 wktu ketemu orang gak mutu dng si mulan...msh untung nyempet2in bs nuli? disini biar nyadar tuh pelakor ga punya harga diri. Mending ketemu org baik2 spt bunmai...ketularan aura positifnya.,negative
Editanx paraaaahh...oplas aj laaah nyai drpd ngedit2 gn hahaa kn maluuu,negative
"jelek,lecek,bantet ??????",negative
Gini amat pengen tenar ya ampuuun...malu kalo jadi anaknya yah kasian,negative
"Heran gw mak  <USERNAME> knp dia masih aja di pake ma AN*V di pesbu**r. Kasus ny bederet, skandal bertubi2.... Gk ada malu ny ?? muka tembok ?? sangat gak ada faedah ny nonton acara yg ada si manusia kardus ini ??",negative
"wey org goblok juga bisa bedain vape, shisha sm rokok. jelas jelas lo ngerokok pake acara ga ngaku segala",negative
Jijik saya liatnya...kaya ulet bulu kluget2 gitu...hihihi..ampe sgitunya pengen terkenal...!!,negative
Jablay anjir mukanya... Murahan bangetttt najisss,negative
"<USERNAME>.alycia iya sist jijik banget gw liatnya sok suci ngatain orang kalo gw sih malulah artis papan atas tapi otak gak di fikir kalo ngomong ,ketauan bngt gada wibawanya kalo emang dia nyadar dia siapa seharusnya dia tau cara berkomentar manusia gada yg",negative
yang sabar yaa.. insya Allah menjadi pembuka pintu syurga dan penghalang api neraka bagi kedua orang tuanya,positive
Lagu barunya mbak tata kan kisah nyatanya rumah tangga mbak tata.... jadi rasanya mbak tata bener2 sayang get sama suaminya... syukur kalau baikan.... semoga awet...,positive
"Yg komen kenapa si mbak ini ga sedih malah ketawa2.. ya iyalah klo kita dah disakiti sm pasangan smpe berlarut2 ngapain juga sih kita sedih ampe depresi segala.. serahin sm Allah aja..bawa happy aja mski sakit.. lagian si mba senyum2 di wajahnya tp hatinya mana tau kan... senyumannya bs jd buat menetralisir kondisi hatinya yg lg terpuruk... ada pepatah bilang ,, klo bahagia jgn trllu bahagia, klo sedih juga jgn trllu sedih... diimbangi aja biar ga gila ??????",positive
"Suka banget sama pasangan satu ini. Semoga gigi dan raffi menjadi keluarga sakinnah, mawaddah, warrahmah. Semoga tidak ada pihak2 yang ingin memisahkan mereka. Jodoh sampai maut memisahkan. Amiin",positive
"Jemima kan anak angkat celine, eleeya anak hubungan celine dan dirly. Dan saya terharu saya tau kalau jemima adalah anak panti asuhan yang dia rawat. Dan wajar kalau stefen lebih pilih celine karna hatinya baik",positive
Lucu yg blg stefan menghabiskn masa muda wkwk.umurnya mah gak muda mukanya aja yg baby face. Bersyukur.bonus buat celinenya?? lah dlu mantannya begimane. Dibawah umur ude pacran mcam laki bini. Hiks. Selepas tu yakin deh susah mengambil keputusan kaya stefan. Tipical cowo yg tnggung jwabnya tinggi,positive
Dan lagi ada yg masih bawa2 keenan ????. raisa udah paling berbahagia ngedapetin suami yang super ngemong dan mature kaya hamish. Raisa itu cukup dewasa di banding wanita seumurannya yang masih mikirin dirinya sendiri. Jd menurut gue raisa dan hamish sama2 beruntung bisa menjadi sepasang suami istri. Ga ada tuh gagal move on ???????? so congratz raisa dan hamish. Semoga pernikahannya sakinah mawadah dan warahmah,positive
"Raisa cantik yaaa, meskipun artis tapi ga menonjolkan kalo nikah tuh harus mewah, udah cantik, sederhana, sempurna bgt,",positive
"Karna orang yang syudah cantik, ga perlu dandan heboh utk membuatnya terlihat cantik.. dengan makeup yang simple gitu aja sudah mempesona?????? bikin hamish klepek2",positive
Bagus dong.. mencari ilmu kapanpun dimanapun.. itu karena suaminya orang berpendidikan ????????????,positive
Sukak cewe cantik dan kmauan blajarnya tinggi ???,positive
"Yaampun ini artis bener bener good attitude yang layak jadi panutan. Dia kan bisa aja kuliah di luar negri. Tp karna baktinya sama suami , dia pilih kuliah di wilayah dekat suaminya . Salut banget",positive
"Semangat batman  <USERNAME> kita VA selalu support lu karna setiap manusia pasti pernah punya kesalahan ???????? ,, dan buat yang lain tolong jangan di bahas lagi pliis karna itu udah 2 tahun yang lalu ????",positive
<USERNAME> y udh .salam knl y mbk seneng bisa knl sm mbk. Sbagai manusia kita saling ingetin.y sbagai manusia kita hrs tau diri jgn sombong yg digedein mentang2 dah jd artis haha..y udh mbk kita cabut ja y dri komen d foto ni nnt kita jd korban dy sel,positive
"keren yaaa, kesederhanaannya terpancar jelas. sukak sm keluarga presiden ini??",positive
"Seorang presiden tanpa embel"" gelar .. bangga sekali",positive
Proud of you Indonesia. God bless Indonesia,positive
Amazing bngt Miss National Costume. Kereenn!! Bangga ama budaya indonesia ????,positive
Ikut bangga pastinya ??,positive
PROUD OF YOU KAK DEA. Sangat patut dibanggakan??,positive
Suka bgt sm pidatox dy cara pembawaanx bgtu elegan n brwibawah pntas mmg dy mdptkan.salut,positive
aku percaya kak niki orangnya jujur semangat kak niki???? hebat,positive
"<USERNAME>.m sama Mba! Gua jg ga bisa benci Nikmir. Salut malah ama dia ga muna! Artis lain maaf image aja di dpan, sok baik, sok teraniaya n jual air mata. Nikita ini real.. sygnya msyarakat kita cendrung yg dilihat apa yg ada di superfisial",positive
cantik alami tanpa perlu bedak tebel dan gaya bak tante2,positive
Cantik dan gagah mudahan lancar dampe hari h,positive
"Cantik yang ini dong,penampilannya dewasa yang sesuai. Mukanya cantik Indonesia,classy. Ayu ayu gimana gitu.",positive
"Lcb cantikk sangat??, lcb beruntung dapet duren dan duren pun beuntung dpt neng lcb. Sakina mawaddah warahmah Amin",positive
"dia ganteng tidak hanya saat berseragam, tapi ganteng saat menjadi panutan keluarganya.. semoga anak saya memiliki fisik yang elok macam mahluk Allah ni",positive
"Beruntung banget deh mba  <USERNAME> dapet mas  <USERNAME>. Ganteng,baik,sholeh,sayang keluarga.ini suami idaman banget.semoga selalu menjadi keluarga yang SAMAWA",positive
Smoga mas Agus menjadi pemimpin di masa akan datang.salah satu pemimpin yg sukses adalah dia sukses dlm memimpin dlm rumah tangga,positive
"Dear...Bpk  <USERNAME> cra berpakain bpk sangat lah mencerminkan kepribadian bpk yg sngt lembut tpi tetap gagah semoga bpk  <USERNAME>&kel selalu dlm lindungan allah swt, salam hormat dri saya yg selalu mengagumi bpk :-)",positive
"Sukses terus kak ayu dan semoga selalu senantiasa dalam naungan Allah SWT, dan sehat selalu amin...",positive
"Smg selalu di berikan kesehatan dan panjang umur yah nek ,muda banget cantik dan MashaAllahhh",positive
Terimakasih Ibu  <USERNAME> serta seluruh keluarga telah memilih Plataran Darmawangsa sebagai tempat acara keluarga Besar. Saya selaku bagian staff di Plataran darmawangsa sangat terkesan dan sangat menunggu kedatangan Ibu dan keluarga di lain waktu. Sehat selalu Ibu dan keluarga. Amin amin ya rabbi,positive
"Salam Dirgantara! Terima kasih telah mendukung dan menyebarkan awareness terkait program pesawat R80. Semoga momen emas ini menjadi titik awal kebangkitan industri pesawat terbang Indonesia agar kembali berjaya. Bersama Eyang Habibie, yuk kita satukan langkah terbangkan pesawat R80. Caranya? Langsung klik link di bio kami yaaa ????",positive
"Semangat ya eyang habibie, sehat selalu, selalu dlm lindungan Allah, ambisinya selalu kuat dlm melakukan segala hal. Kereeeennnnn. Semoga bnyk penurus2 bangsa sprti eyang Habibie ????????????????????????",positive
"Memiliki Cucu2 merupakan kebahagian yg tak ternilai, cucu sbg generasi penerus bangsa...",positive
Wahhh Kerenn..... dan saat ini tempatnya semakin bagus Ibu. Kapan kapan Bernostalgia di sana lagi bersmaa keluarga ??????,positive
Cantik dan ganteng-ganteng. Sehat selalu untuk mereka dan Bu Ani Sekeluarga ????,positive
Barakallah dengan cucu2 yg cantik dan ganteng ... semoga menjadi anak yg sholeh dan sholeha ... menjadi kebanggaan kelg...????,positive
Bu  <USERNAME>...cucu bikin hati kita gembira...ngangeni...kadang kangen sama keceriaan mereka...salam kangen buat cucu2 tercinta,positive
"Yang kecil lucu, yang tengah ganteng parah, yang gede pinternya ga ketulungan, salam hormat saya bu, pak",positive
Terima kasih pak SBY & ibu Ani yg selalu menemani beliau..& sudah memberikan Kontribusinya yg sangat Luar biasa kepada Indonesia selama 10 tahun memimpin..semoga selalu bahagia & sehat selalu..amin,positive
Setiap caption yang di buat ibu..dan setiap kali saya membaca captionnya secara tidak langsung saya belajar bahasa Inggris ... Terima kasih ibu... Secara personal saya tdk mengenal ibu Anie tp saya yakin betapa bangganya Anak Cucumu bisa lu didik ibu menjadi generasi bangsa yang mandiri dan unggul ... Sehat terus ibu .. Semoga Cinta Kasih dalam Keluarga selalu engkau tebarkan untuk mereka ...,positive
"Assalamualaikum ibu yang terhormat. salam dari kami sekeluarga di banda Aceh. kami semua sangat membanggakan keluarga ibu yang sangat membahagiakan kami bila melihat nya. sikap etika perilaku keluarga ibu sungguh sangat bijaksana apalagi mas agus, ibu.. suami saya terlebih lagi sangat yakin pada saat bapak mencalonkan diri jadi presiden dulu beliau sangat bangga pada bapak salam hangat dan perkenalan dari keluarga kami ya bu (Darmanto Rapi photo studio)",positive
"senang liat ibu n bpk sby menikmati hari tua brsama cucu tercinta ,, sehat trs ya memo n pepo ,,, Allah SWT melindungi memo n pepo n kel #kisss",positive
Semangat mebangun indonesia yg lebih maju pak jokowi ????,positive
"Artis berkualitas, wajahnya itulohhh berkualitas bgt hihi.. Cantik bangetsss.. Top deh.. Ga pake drama dan gimick idupnya hihi.. Tajir tp. Sederhana",positive
Mba via sptnya siyok melihat kejamnya dunia per artis an... mudah2an tetep sabar tetep berkarya dg baik... ????,positive
"Selalu suka sama via,org nya jujur apa adanya kaga gimmick2an hidupnya..hitam ya hitam,putih ya putih..kl ngomong blak2an,kl ngga suka dy ngomong jd ga pura2(gw banget sih),apa adanya ga munafik..sprti ajaran ortu gw..jangan suka memberi senyum kepalsuan????ga kaya artis yg onoh noh yg mulutnya lebar kya gorong2,tukang ngibul,munfik bgt kl ditanya wartawan jg jawabnya,perilaku ama omongan ga balance????",positive
"Go a head Via...... Cuekin ajalah, udah biasa itu dalam pergaulan dunia kerja dan masyarakat biasa, apalagi pergaulan ertong. Pastilah ada yg gatel bin sirik klo liat orang sukses, anggep aja kuman gak usah dibikin status, malah kesenengan mereka ada bahan buat ngetawain. Betul nggak?? ??????",positive
Gagah kali abang borisq ini.. Klo gk bc nmx bner2 gk ngeh klo it bang boris...??,positive
Weewww bangga kali ak liatnya bang  <USERNAME> pake baju adat karo.... Syip,positive
Bagus banget baju dan pengantinya happy weding,positive
MasyaAllah . bagus banget ..,positive
Gileee suaraaanyaa.. kereen parah.. sukak,positive
Lebih keren dr penyanyi aslinya,positive
Kereeeeeeeeeeeeeeennn sampe merinding brrrrr,positive
Yatuhan suaranyaaaaaaa bagus bangetttttttt,positive
"Keren suaranya super merdu. Coba ikut audisi nyanyi, pasti bakatnya bs tersalurkan",positive
Bagus drpd beberapa artis yg modal tampang doang pdhl suara juga jelek. Mendingan mas ini yg nyanyi. Emg dasar nasib org yak gk ada yg tau. Semoga masnya bisa sukses,positive
"Dgrin ini sampe bulu kuduk naik saking bgusnya, masyaallah apik bgt suaranya",positive
Subhanallah tergetar hati dengar suara nya,positive
Masa allah suaranya bagus banget cantik lagi orangnya idaman semua cowo,positive
"Bagusss suaranya, penampilannya juga sesuai anak sekolahan, natural dan sesuai dengan usia nya",positive
Kerennnn suaranya bagus,positive
"Cantik, polos, apa adanya tapi keliatan berbakat. Semoga kalau udah tenar gek jadi selebgram, kalian ga kaya2 si mba Novilda ya dek yg kehilangan arah. Tetaplah begini,jangan cepat tumbuh dewasa dan terus asahlah bakat kalian, Allah bless you both.",positive
"Bagus iniii, ga kaya yg pingin terkenal, rambut di alus2in dlu. Muka di makeup dl. Biar dikamera keren hahaha. Kl mereka bnr bnr keliatan lg lelahnya abis pulang sekolah ????",positive
Di ulang berkali kali sampet gak percaya klo ini suara aslinya. Bagus bgt ??,positive
Alhamdulillah masih ada kidz zaman niw yg berkarya sewajar seumurannya bukan yg sok gede,positive
aduhh kerennnn suaranya enak . nge jazz2 gimanaa gtu . muka mah belakangan aja . ntr klo udh tenar juga muka mengikuti hahahahahaha . skill dlu nomer 1 . ini batu abege jaman now ????????,positive
Kereeen nih...enak bgt didengernya...gak bosen puter ulang2...daripada yg lipsing2 gajelas joget2 gtu...,positive
waduuhhh...Kereeen bangeeet dedek2 emeesh,positive
Klo aku sih yes bingits...coba ya seandaix anak2 buat video sprt gini atau video kreativ lainnya kan bagus dripda buat video mesum..atau ngelem dll yg berbau negativ bikin dosa dan maluin ortu dan diri sendiri,positive
Bagussss + dandannya natural ga banyak permak kayak anak jaman now lainnya ????????????,positive
Kereeeeennnn padahal nyanyinya santai banget ????????????,positive
Polossss...keren....ga neko2 kayaknya...jossss,positive
Yesssssss !!!!! Bagus bgt !!! ?????? Kids jaman now yg begini yg diksh jempolllll ????????,positive
Wajah2 anak skul bgt yaakk mase alami bgt suka liatnya ???? lagu ma suara keren palg yg pake bando suaranya mantap ??????,positive
Keren suaranya dasarnya cantik tinggal di poles dikit bersinar??????,positive
"Pembagian suaranya pas bnget,pecah suaranya jg cakep",positive
keren bgt suaranya.tinggal dipermak aja biar tmbh cantik.viralkann....,positive
Kereeeennnnnn... suaranyaaahh okkeehh ketjeeehh badaaiik ughllaaaallaa..,positive
"Yes yes yes..kirain lypsinc habisnya mirip sih suaranya,eh pas dua2nya nyanyi bareng baru ngeh asli..kereennn",positive
Keren yg penting punya bakat dulu ntar jg klo udah jd artis banyak duit mukanya bisa cemerlang,positive
Keren min orang2 yg berbakat kaya gini yg harus di up ke publik????????,positive
Kereeen bgt suaranya. Nah kyk gini dong kids jaman now...??,positive
mrinding... bagus poll... d jaga ya dek kepolosannya... ???? jng smpek kyk si aw2 dkk.. ??????,positive
"Kereenn sumpaah,, kebangetan bagusnya..??",positive
Ya ampun lakikny ganteng. Rini nya juga cantik. Mungil pula skrg.,positive
"Suaminya swett... keliatannya syg bgt ma istrinya, ganteng lagi... Haaaaaaa ?? so swett lah... Smg langgeng slluÖ",positive
"Wah Mbak Rini hamil ya ?? Selamat ya mbak semoga kandungannya sehat"" aja & juga mbak rininya , makin bahagia di hamil yang pertama , dan semoga lancar di proses persalinannya nanti ????",positive
"Kasian anaknya,, jgn sampek anaknya rusak jugak kek emaknya yaa",positive
Kalo pasangan cantik + ganteng suka deh liatnya?,positive
"Wah akhirnya hamil lagi juga. Selamat ya mbak Sandra semoga kehamilannya makin sehat"" saja , makin fit dan semoga lancar di prosesi persalinannya nanti. Wah udah jadi calon ibu nih",positive
ikutan happy....sukakkk bgt sm nih couple...salah satu pasangan sempurna menurut gw,positive
"Pernah lihat di infotainment sebelum nikah, wkt ditanya persiapannya jelang pernikahan, sandra dewi bilang klo dia sama calon suaminya pengen banget cepat punya anak nanti hbs menikah, krn mereka suka anak kecil, bahkan mereka sdh prepare program2 yg akan mereka lakukan klo dlm wkt dekat blm dikasih anak, but finally...congrats...semoga lancar dan sehat trs sampe lahiran ??????",positive
Keluarga ter-humble ter-sempurna ter-sederhana dan engga pernah sok terlihat kaya dan ga pnah manja pake pesawat jet pribadi kayak yg lain lain ??????????,positive
"Bunda maia cantik semoga slalu sukses, sehat trs ya cantik wajahnya secantik hatinya",positive
"Artis yg gue kaguminn.. Nikah muda, ga neko2, syg keluarga syg suami,, mengutamakan anak2.. Ga puyeng ama dunia hiburan dan ke artisann.. Padahal tajirrr mampuss.. Plus ga alayy dan ga aneh2.. Salutt ama niaa.. Smiga slalu samawa.. Yaa nia and famzz???????????????????????????????",positive
"<USERNAME> iya aku sih jujur bukan fans Nia, biasa aja sama dia, pas dia tenar banget sama sinteronnya juga aku biasa aja. Tapi makin ke sini kalau soal urusan keluarga, aku salut ama dia. Dia kan masih muda ya itungannya, sama aku cuma beda 2-3 t",positive
Smnjk hbs nikah auranya keluarr bgt. Suaminya jg kliatan syg dan nia nya kliatan baik gt tulusss.. sukak deh liatnya.,positive
Mngkin s mba nya marah2 krna ad kata2 yg ga enk dr yg komen..wajar lah kl dia marah..toh it kan cuma foto biasa aj.. Ko jadi malah mba nya yg d bully..sampe bawa2 fisik sgala.. Kan ga bgus.. Pinter2 lah kita mnyikapi medsos.. ????,positive
Cantik banget yak.. Punya anak cewe begini puyeng kali yak jagain nya ??????,positive
"<USERNAME> iya betul mba. Ariel gak ganteng. Tapi ariel punya kharisma yg menarik. Udah tua pun skrang agak keriput wajahnya ttp aja kharisma nya sebagai lelaki keliatan lebih terpancar. Buktinya mama, dan tante saya makin tergila2 sama ariel dan sa",positive
"Jadi manusia Saling menghargailah, kalo tulisan yg ditulis itu tidak berguna bahkan menyakiti hati orang lain. Ya sebaiknya tidak usah tulis. Pergunakan sosmed dengan smart ya guys!!",positive
entah kenapa kalo liat  <USERNAME> bergaya apapun ttp kliatan bagus... suka sama lgu nya.. sukses trus kak,positive
banyak bangat emasnya.jadi salpok diemasnya.tp sumpah lagunya dan music nya keren bngat.apalagi konsep mv nya ia ambil handel.kan keren menurut saya.kalo denada taro kutang diluar itu krn masih minim perestasi.tp kalo agnes itu hal wajar.prestasi dan dunia fashion kalo artis indonesia ia selalu unggul.krn ia berani meski gak cocok ia pake,positive
"Coba deh yang pada kritik2 itu bikin karya sendiri, siapa tau lebih bagus dari yang mereka kritik",positive
"Pada protes kenapa sih??yang protes itu coba usaha deh..Jangan kira usaha dia pendek ya!!.Butuh waktu lama dia agar bisa go international.Jangan cuma protes,klau pengen yang kalian inginkan ya kaliam sendiri dengan cara sendiri agar kalian bisa go international",positive
"Keren, ga suka ma agnes, tp suka ma lagu ini, n jd suka jg ma y nyanyi, santai lagunya tp asyik",positive
"Bandingin lagu Go Internasional yang paling ngena di gue ini seru enak didenger....... Tapi tumben agnes gak memberikan bumbu Indonesianya kaya ada Batik"" gtu atau apa..",positive
"Nah ini baru keren, daripada mba mba superman wkwkwk",positive
"Sumpah gua suka bgt sama lagu dia yg ini, asik bgt di dengernyaa",positive
Enak banget mak lagu2 dialbumnya paling suka yg inih sm beautiful mistake,positive
Mantap .gw suka bngt ama agnes.karena dy artis yg bertalenta .dan ke kayaan dy ga pernah dipamer ky artis ygblain.gw suka dy ga pernah pamer.keren bngt,positive
enakk musik nyaa . apa lagii lhatt ka agnes nyaa dance kaya nyaa nyamaann dan enakk bgt tuh kayaa nyaa,positive
"Asik bgts dancenya,apa lg lagunya mancappppp",positive
Ganteng banget meski aura... Kenceng banget & diragukan.semoga langgeng mami..,positive
"Mami depe cantik banget. Awet muda, ngga kalah sm penyanyi pendatang baru. Semoga samawa...  <USERNAME>",positive
Ganteng yesss. Mami cuco deh sama babang. Semoga langgeng ya unchhh lope mami,positive
Mbak dewi jadi lebih sabar keliahatannya... Keren semoga semakin langgeng,positive
Soal pasangan hidup ijk salut sih sama mami depe.. ga matre n neko2.. yg penting single n cocok doi mau diajak merit.. ga kyk tetangga sblh saking matrenya suami org di embat jg..,positive
mau duda mau singgel itu ngak masalah yg penting laki jaman sekarang setia menemani dunia akhirat amin good luck dewi persil sehat slalu dlm berkarya,positive
Muantepp ganteng...selamat menempuh hidup baru mg langgeng rumah tanggax bhagia n selladem ayem...??????,positive
"Mb depe langgeng yo karo masny.mb ibuku ngefans bgt sm mb depe dri mb sm mas saiful dlu smpe2 blng jdi pembntuny gapapala ktny,pgn bgt ktmu mb depe ibuku kami dijambi mb",positive
Jangan di dengar kata 2 yg menyakitkan hati lebih baik tenang jalanin aja dengan pilihan andah sendiri bahagia itu biasanya ada di kata hatimu maju trus dan sukses bersama pasangan mu,positive
"Cakep,ganteng pacarnya dewi persik,udah ini aja jgn ganti lg yaa dewi",positive
"Beruntungnya Bella.. Orang2 jadi fokus ama komen lakinya. Coba kalo ngga, pasti model bajunya yang diceramahin ama netizen ??",positive
Beginilah pasangan suami istri yg normal.. Romantisme hanya dia dan istri yg tau. Ga perlu diumbar.. Tp dijaga. Yg suka umbar kemesraan iti kebanyakan menutupi kenyataan yg sebenarnya.,positive
"Naksir Ama ceweknya, kyanya lembut banget Kya bolu ??",positive
Cewex luar biasa cntik... Cowox.. Mmmmhh hehe,positive
"Cewenya cantikk, the power of tajir ??",positive
Alhamdulillah lebih ganteng babang Emran ya  <USERNAME> ??,positive
"Alhamdulillah  <USERNAME> gak jadi sama yg ini... engku emran masyaallah ganteng, anteng, sabar, sholeh, penyanyang, senyumnya cute.. baper dech",positive
Cantik manis cewe nya .. cocok ajalah,positive
"Cewenya manis, cakepan yg skrg Dr yg kmrn ga jd.",positive
yg ini lbh cantik sih. hebat jg ni lakik ciwik nya cakep2 lho..,positive
Semoga betul klo sma yg ini mh....klo bella mh udah dapet yg amat sangat pas lah????,positive
"Semoga ga putus lagi ya. Ka bella udah bahagia banget tuh, ga malu??? ??????",positive
Yaampun cantiikk bangett aslii! Angguunn ??,positive
<USERNAME> euum setuju sekaliii emang cantikan ini dari pada yang sebelumnya. Lebih WOW... ?? terbaik ?? terpelihara hehe,positive
"Cantiik, senyumnya mirip Maudy Kusnaedi",positive
"Dari kisah jevin radhini rini gue jd belajar 1 hal. ""Kalau memang jodohmu, maka akan ada saja jalanNya"". Gue kebetulan ngikutin dr awal. Gue nonton pas live the remix jevin ngomong 'itu pacar saya nonton' sambil nunjuk radhini. Gue jg nntn pas jevin meluk radhini erat bgt di backstage stlh lolos ke final. Keliatan jevin ini anaknya gentle, tulus dan penyayang. Tapi Allah maha pembolak-balik hati. Mei '15 jevin radhini pcrn, sept '15 jevin rini dipasangin the remix, Des '15 final the remix, jan '16 jevin radhini putus, feb '16 jevin rini pcrn, april '16 jevin ngelamar rini, feb '17 jevin rini tunangan, mei '17 jevin rini nikah. Allah works in many ways??. Allah's plan is better than our plan. Jevin yg dulunya berfikiran akan nikah umur 30, siapa sangka di umur 25 dan dlm waktu pcrn baru 2 bulan udah yakin ngajakin anak orang nikah. Ah, happy wedding soundwave. Bahagia selalu??",positive
"Kalau kita bisa mengartikan jodoh,ini lah yang di bilang jodoh.cantik lahir batin tapi kl ga jodoh perpisahanlah yang terbaik..",positive
Pingkan ni suaranya enak banget.. bindeng2 gimana gt.. berciri khas.. ibarat gw merem denger suaranya gw udh langsung tauk,positive
Hatinya terbuat dari apa ya .. Mbaa gigi yang berhati luarbiasanya ajah sampe di benci .. Cobaa sebutin heternya mbaa kesalahan apa yang mba gigi lakukan :'( duhh aku ajah jadi sukak sama sifatnyaaaaaaaaaaa,positive
"Suka banget banget nih sama ni artis, gak neko neko, ternyata masih lahiran 1996 ??????",positive
"alhamdulillahhh... ada juga yang ngepost ayangnya Ibel.... biarin deh damai seisi dunia.... masing2 sdh punya pasangan, jadi engga ada lg yang bilang Ibel PHO.... Happy b""day Ibel",positive
"Ini kakaknya murid2ku waktu msh ngajar di sekolah internasional mihil. Anaknya cantik2 dan si ibu dan bpk ramah dan baik bngt. Seluruh sepupunya di sekolah yg sama, yg uang masuknya aja 70 jtan lbh/siswa. G tau skrg brp.",positive
"<USERNAME> justru karena ka bella sholehah, punya penghasilan sendiri, dan cantik jadi Allah mau kasih jodoh yang lebih baik lagi..",positive
"Mbak bela, nikahnya berdasarkan atas dasar agama mbak yg diutamakan ya. Biar laki2nya dpt yg baik. Saya yakin banyak laki2 yg baik dan kaya raya yg mau nikahin mbak",positive
Duh geulis kitu ditinggal sama yg 'itu' duuuhhhh hahaha jodohnya pasti Allah kasih yg lebih baik Teeeh ??,positive
"Bu Ameeel.... udah lama ga ke bank,kangen bu Amel yg cantik,ramah,baik ama kangen tentengannya hihiii ????. Nanya si mba bu Amelnya pindah rumah dan lg hamil. Sehat2 yaa bu Amel,salam buat Annabel",positive
"Ambil positifnya aja mbak toh oma nani yang menjalankan, mau mbak bilang gimana nggak mungkin kan oma langsung cerai karena itu udah pilihan hidup dia gimana jadi lebih baik didoakan semoga langgeng karena menikah juga ibadah heheu  <USERNAME>",positive
"Alesha arti namanya : Yang dilindungi Allah....aamiin yra, ya nak....",positive
Semoga anak nya bsok pas bangun langsung jd dewasa biar bisa bakal jodoh saya???? pasti gedenya ntar sama cakep kek kakaknya Fahri..,positive
min mnta doanya jg buat saya mudahan dilancarkan dan selamat saat melahirkan bulan mei ini. Aamiin,positive
"Waaah.... Hamil Malah makin cantik, cew kali yeee debay nya.... ??",positive
mba acha cantik banget banget banget !! buat calon ibu yg blm d kasih momongan sm Allah smoga di segerakan ya ??,positive
"Gemulai'nya Momo,, Bak Putri keraton Jawa,,, semoga bersatu selama'nya dan cuma Maut yg memisah'kan,, Gbu...",positive
Berasa kaya mau manggung kk  <USERNAME> ?? semoga lancar dan cepat punya momongan biar Ada Princess Kecil MoMo atau gak prince ??,positive
"waaahhh sm dokter sigit ya, ini dokter the best banget, baik banget, humble orgnya, recomend banget buat yg mau program dan kehamilan ??",positive
"Ashanti bunda the best, Slalu belain/support anaknya. Mskipun bkn ank kndung??",positive
Smua orng berhak untuk melakukan apapun yg mereka suka.. Asal g mrugikan dirinya ataupun ornglain.. Mau aurel dandan berlebihan atau natural itu hak dia.. Apalagi aurel pinter banget dandannya.. Kliatan cantiiik banget.. ????,positive
Beruntung si aurel dpt ibu sambung kaya ashanti .  <USERNAME>,positive
salut ma bunda  <USERNAME> .. mskipun ibu sambung.. tpi sellu jdi org yg plingbdpan mmbela aurel n azriel dri pra hatters..,positive
"Keren ya ashanty segitu sayangnya sama anak nya(padahal bukan anak kandung), yang ibu kandung aja blm tentu begitu. Ini orang hatinya kek bidadari di tv tv. Beruntung banget itu aurel azriel punya ibu tiri macam dia",positive
"Salut buat Bunda  <USERNAME> slalu yg trdpan melindungi ank""yh...mngalahin ibu kandung sndri yg cma Diam ajj...bt aurel pa yg slah pd dya jga Manusia ciptaan Allah klau pun Dya lbh sgla yh dri yg suka nyinyiir mslh pnampilan brarti dh nasib tuuh orang g bsa sprti Aurel yg lbh baek n bgs dri yg nyinyiiir..",positive
Ibu tiri terhebat..... Ntr palingan klo dah 20an dia baru perawatan .skrg msh muda kasian klo di paksa perawatan .cm ya paling tutup mata tutup kuping skrg mah,positive
"<USERNAME> aurel itu cantik tau. Pernah liat asli nya kok. Org sirik itu yg menjelek jelekannya. Padahal muka sendiri belum tente lebih cantik dan muda daripada aurel. aurel difoto nampak putib bilangnya suntik putih, kelihatan hitam dibilang gk bisa ra",positive
"<USERNAME> Astagfirullah... Mbak tolong ucapannya dijaga ya, ALLAH menciptakan manusia dengan sempurna, kok mbak ngomongnya kayak gitu. Aurel cantik kok, wajar manusia ada kekurangannya. Dan mbak Ashanti wajar belain anaknya, bukan caper ya mbak, sia",positive
"aurel itu perempuan hebat, ingat bgt kejadian zaman pipi mimi ny & dilihat didepan mata dia sendiri. Ga semua anak bs strong kyk dia. Yg nyinyir pasti iri krn aurel bs punya keluarga bahagia kyk skrg. Yg blg bundanya Ash lebay, mungkin blm punya anak. Hati2 sayang..km jg perempuan, nanti bakal jd ibu. Bayangin anakmu yg jd korban bully ??",positive
Ganteng... Ini klo ga salah managernya.. semoga d lancarkan yaa..,positive
"Mukanya mirip ,,,insya Allah jodoh dunia akhirat mbk  <USERNAME> amiiii",positive
Cantik banggeett ya kak depe.. ???? gk keliatan loh klo dy pernah nikah.. seperti msh gadis wajah nya.. cantik ???????????? semoga lancar sampai hari H kak depe.. bahagia dunia akhirat aammiinnn ??,positive
Dadddd :( Semoga bisa dateng yaaa & untuk papa-papa diluar sana. Semoga sehat selalu & bisa menjadi saksi anak-anaknya saat menikah. AAMIIN!????,positive
Semoga dilancarkan nikahnya dan ayahnya lekas ditemukan dalam keadaan sehat tanpa kurang suatu apapun :),positive
Semoga aja nikahannya lancar y mb. Jgn berlarut sedih kl bapak tirinya gak datang yg penting bapak kandung datang. Mungkin sj ada alasan anak kandung dari bapak tersebut melarang. Mungkin sj bapak itu udah balikan sama istri pertamanya. Dan kl sibapak datang itu berrti akan mengingatkan cerita lama. Mungkin yaa..,positive
"Yea pak polisinya pinter hahahaha.. langsung belok, SIM nembak, gatau rambu2. Malah minta surat perintah yaelah lu pikir rumah lu mau digeledah ??",positive
Ini mau nikah lagi baguass deh smoga kelak jd kluarga yg samawa,positive
Lucu.... suaranya kak abbey cantik kayak orang nya.... ?????????????? terharu....,positive
Pernah ketemu sama mba artika sari disesemall di Jakarta...ampunnn ayunee...mana semampai....murah senyummm....cakep pisan lah,positive
"Bener kata pepatah Yess, Buah Jatuh gak Jauh dari PohoN nya... Cantik Nya dapet dari Mama_Nya, Suara Bagus dan Pinter nyanyi dari darah seni Papa Nya.. #calon generasi hebat di masa depan",positive
"Bahagianya punya anak cantik berbakat, bersyukur bnr dapat titipan demikian indah",positive
Semoga di berikan kesehatan dan rezeki yg berlimpaah pak ??,positive
Semoga selalu sehat dan dimurahkan rejekinya ya Pak,positive
"Pria setia, pekerja keras tdk malu pilih-pilih cari nafkah sangat sedikit sekali yang banyak kebalikan..beda bgt sama seseorang yang kenal. Mentang2 ganteng, milih nganggur ketimbang jd ojol. Udh gitu istri diselingkuhin lagi. Baik kalo ada maunya ????",positive
"Doa istri dan anak menyertaimu bang... lelaki yg bertanggung jawab itu sangat PERLU, karna kalo laki2 tanggung jawab otomatis dia akan sayang dgn anak dan istri. Beda dgn sayang yg belum tentu bertanggung jawab ??????",positive
Ya Allah bahagia itu gak harus dgn cara yg mewah sesederhana begini aj deh bahagia bisa komunikasi dgn keluarga ??,positive
"Mereka hanya mencari rejeki utk keluarganya, kalau ada yg merasa tdk berkenan tolong jangan menggunakan kekerasan",positive
"Salut sekali Banting tulang demi menghidupi keluarga.yg duduk di bangku empuk,pakai AC Malah merampok.yg milih rakyat jelata lagi",positive
"Amin, smg selalu di lancarkan n di mudahkan rejeki nya.. jd inget waktu suami sy jg gojek dulu, srg nlp nanyain anak istri nya udah mkn atau blm.. pdhl mgkn dia sendiri entah sempet mkn atau ngga, walaupun hujan2an n panas2an tp ga penh mengeluh.. selalu menyempatkan komunikasi n ttp keep in touch di sela2 kesibukannya. Bangga n ttp berjuang y ms gojek krn anak n istri selalu mendoakan yg terbaik..",positive
"Respect dengan istri n anak2 nya yg menunggu dengan sabar dirumah insya Allah ,Allah swt selalu menjaga nya.",positive
"Laki-laki yang beneran berjuang unt anak istri, membahagiakan istri insyaallah di dunia mendapat rejeki yg ga disangka-sangka di akherat akan ada surga kelak amiin",positive
"Bangga sama suami yg selalu ingat istri disela waktunya, apapun profesimu... Kaulah juaranya. Sehat terus pak gojek, semoga lacar rejekimu. Amiiin....",positive
Apaoun pekerjaannya yg penting halal u tuk menafkahi keluarga ... Semangat pak,positive
Gojek itu mayoritas pegangguran yang lama gak kerja trus hampir putus asaa tapi tibatiba ada lapangan pekerjaan yang gak harus pake ijasah terakhir.. ini sungguh lapangan kerja yang sangat membantu sekali menurut saya ??,positive
"<USERNAME> aslinya cantik dan ayu loh mbak krn aku sudah bertemu langsung juga sesembaknya sangat ramah tidak sombong seperti mantan2 yg lain hhe maaf ikut nimbrung ,kalo makeup dibuat senatural mungkin krn sesembaknya memang mau menonjolkan wa",positive
"<USERNAME> suami saya seumuran sama saya mba, malah tuaan saya beberapa bulan tapi alhamdulillah suami saya gak kekanak kanakan hehe",positive
lu baik banget,positive
"Hari ini cuacanya cerah sekali, membuat suasana hati jadi lebih baik.",positive
"<USERNAME> memang pinter banget, semua tugas selalu selesai tepat waktu.",positive
Makanan di restoran itu enak dan pelayanannya juga memuaskan.,positive
"Aku sangat menikmati waktu bersama teman-teman hari ini, seru banget!",positive
"<USERNAME> selalu memberikan solusi terbaik saat ada masalah, dia sangat bijaksana.",positive
"Kopi di kafe itu rasanya mantap sekali, bikin hari makin semangat.",positive
"Film yang tadi malam kita tonton sangat menghibur, aku suka banget.",positive
"Pelayanan di hotel ini benar-benar luar biasa, kami merasa sangat dihargai.",positive
"lu selalu tahu cara membuat orang merasa lebih baik, terima kasih banyak.",positive
"Liburan kali ini sangat menyenangkan, semua rencananya berjalan lancar.",positive
"Pemandangan di pantai itu sungguh menakjubkan, saya tidak akan melupakannya.",positive
"Terima kasih sudah membantu saya menyelesaikan proyek ini, saya sangat menghargainya.",positive
"Anak-anak sangat senang bermain di taman hari ini, hari yang luar biasa.",positive
"Pertemuan tadi sangat produktif, banyak ide-ide baru yang muncul.",positive
"lu memang sahabat terbaik, selalu ada di saat aku butuh.",positive
"Masakan lu enak banget, aku selalu menantikan makan bersama di rumahmu.",positive
"Senang sekali bisa berkumpul lagi dengan keluarga besar, momen yang tak terlupakan.",positive
Hari ini aku merasa sangat bersemangat setelah olahraga pagi.,positive
"Kerjasama tim kita sangat solid, hasilnya memuaskan.",positive
"Terima kasih atas dukunganmu, aku bisa melalui masa sulit ini dengan lebih mudah.",positive
"Acara tadi malam sangat menyenangkan, lu benar-benar tuan rumah yang hebat.",positive
"Senang bisa bertemu teman-teman lama, banyak cerita yang seru.",positive
"Proyek ini selesai dengan hasil yang sangat baik, kerja keras kita terbayar.",positive
"Aku suka sekali dengan dekorasi ruangan ini, sangat nyaman dan indah.",positive
"Kue yang lu buat sangat lezat, aku tidak bisa berhenti memakannya.",positive
"Seminar tadi sangat inspiratif, banyak ilmu baru yang aku dapat.",positive
"Terima kasih telah menjadi teman yang selalu mendukung, lu sangat berarti bagiku.",positive
"Saya sangat puas dengan layanan di toko ini, pelayanannya cepat dan ramah.",positive
"lu selalu membuat hari-hariku lebih ceria, terima kasih banyak.",positive
"Produk ini benar-benar berkualitas, saya sangat merekomendasikannya.",positive
"Reuni kemarin sangat mengharukan, senang bisa bertemu kembali dengan teman-teman sekolah.",positive
Saya merasa sangat bersyukur memiliki keluarga yang selalu mendukung saya.,positive
"Liburan kali ini sangat berkesan, banyak pengalaman baru yang saya dapat.",positive
"lu benar-benar berbakat dalam hal ini, hasil kerjamu luar biasa.",positive
"Pelayanan di rumah sakit ini sangat baik, kami merasa sangat diperhatikan.",positive
"Senang sekali bisa kembali ke kampung halaman, suasananya selalu membuat rindu.",positive
"lu adalah inspirasi bagi banyak orang, teruslah berkarya.",positive
"Hari ini sangat produktif, banyak pekerjaan yang berhasil diselesaikan.",positive
"lu selalu berhasil membuatku tersenyum, terima kasih banyak.",positive
"Saya sangat menikmati kelas yoga pagi ini, sangat menenangkan.",positive
"lu sangat berbakat dalam seni, lukisanmu sangat indah.",positive
"Terima kasih telah menjadi pendengar yang baik, lu sangat memahami aku.",positive
"Saya sangat menyukai desain baru ruangan ini, terlihat modern dan elegan.",positive
"lu adalah pemimpin yang hebat, tim kita sangat menghargaimu.",positive
"Saya sangat senang bisa bekerja di sini, suasananya sangat mendukung.",positive
"lu selalu tahu cara membuat suasana menjadi lebih baik, terima kasih.",positive
"Hasil kerja kerasmu benar-benar menginspirasi, teruslah berkarya.",positive
"Saya sangat menikmati waktu bersama keluarga hari ini, momen yang indah.",positive
"lu benar-benar jenius, ide-idemu sangat brilian.",positive
"Saya sangat senang dengan hasil rapat tadi, banyak keputusan penting yang diambil.",positive
"Terima kasih telah mengajari saya banyak hal, lu adalah mentor yang hebat.",positive
"Hari ini sangat menyenangkan, banyak hal positif yang terjadi.",positive
"lu selalu memberikan yang terbaik, kami sangat menghargainya.",positive
"Terima kasih sudah selalu ada untukku, lu adalah teman sejati.",positive
"Saya sangat bangga dengan pencapaianmu, lu sangat luar biasa.",positive
"lu selalu bisa membuat hari-hari menjadi lebih cerah, terima kasih.",positive
"Saya sangat menghargai bantuanmu, lu sangat baik.",positive
"Pertunjukan tadi sangat menghibur, saya sangat menikmatinya.",positive
"lu adalah pribadi yang sangat hangat, senang mengenalmu.",positive
"Saya sangat puas dengan produk ini, kualitasnya sangat baik.",positive
"Terima kasih telah menjadi bagian dari tim, kontribusimu sangat berarti.",positive
"Saya sangat menikmati perjalanan kali ini, pengalaman yang luar biasa.",positive
"lu selalu berhasil membuat suasana menjadi lebih hidup, terima kasih.",positive
"Hari ini sangat produktif, banyak pencapaian yang diraih.",positive
"Terima kasih telah menjadi inspirasi bagi kami semua, lu sangat luar biasa.",positive
"lu selalu memberikan solusi terbaik, kami sangat menghargainya.",positive
"Saya sangat menikmati waktu bersama denganmu, lu sangat menyenangkan.",positive
"lu adalah teladan yang sangat baik, teruslah memberi inspirasi.",positive
"Hari ini saya belajar banyak hal baru, sangat bermanfaat.",positive
"Saya sangat senang dengan kemajuan proyek kita, hasilnya luar biasa.",positive
"lu adalah sosok yang sangat menginspirasi, banyak yang bisa belajar darimu.",positive
"Terima kasih telah membantu saya melewati masa sulit ini, lu sangat baik.",positive
"Saya sangat menyukai suasana di tempat ini, sangat nyaman dan menyenangkan.",positive
"lu selalu tahu cara membuatku tersenyum, terima kasih.",positive
"Hari ini sangat menginspirasi, banyak hal baru yang saya pelajari.",positive
"lu adalah orang yang sangat kreatif, hasil karyamu sangat mengagumkan.",positive
"Saya sangat menikmati waktu luang hari ini, sangat menyenangkan.",positive
"lu adalah orang yang sangat baik hati, terima kasih atas segalanya.",positive
"Terima kasih telah memberikan yang terbaik, kami sangat menghargainya.",positive
"Saya sangat bangga dengan pencapaianmu, teruslah berprestasi.",positive
"Hari ini saya merasa sangat bersemangat, banyak hal positif yang terjadi.",positive
"lu selalu berhasil membuat suasana menjadi lebih baik, terima kasih.",positive
"Saya sangat puas dengan hasil kerja tim kita, kerja keras kita terbayar.",positive
"lu adalah sosok yang sangat menyenangkan, senang bisa bekerja sama denganmu.",positive
"Saya sangat menyukai suasana di kantor ini, sangat mendukung produktivitas.",positive
"Saya sangat senang dengan pencapaian kita, hasilnya luar biasa.",positive
"lu adalah orang yang sangat inspiratif, teruslah berkarya.",positive
"Hari ini saya merasa sangat bersyukur, banyak hal baik yang terjadi.",positive
lu tau ga sih,positive
gua tau nih,positive
"anjing, keren banget lu!",negative
"anjing, apaan sih lu?",negative
gua liat anjing menggonggong tadi pagi.,positive
anjing itu nyeremin banget!,negative
"monyet, lu beneran hebat!",negative
"monyet, ngapain lu di sini?",negative
gua liat monyet melompat dari satu pohon ke pohon lain.,positive
monyet itu ngeselin banget!,negative
"babi, lu lucu banget!",negative
"babi, ngeselin lu!",negative
gue liat babi melompat-lompat di lumpur.,positive
babi itu jorok banget!,negative
"anjing, gue kagum sama lu!",negative
"anjing, nyebelin lu!",negative
"anjing tetangga gua pintar banget, bisa buka pintu sendiri.",positive
anjing itu berisik banget tiap malam.,negative
"monyet, lu beneran pinter!",negative
"monyet, lu ngapain sih?",negative
gue liat monyet main di taman.,positive
monyet itu suka ambil barang orang.,negative
"babi, gue suka gaya lu!",negative
"babi, malas banget lu!",negative
gue liat babi hutan berlarian di kebun.,positive
babi itu bikin kekacauan di sini.,negative
"anjing, lu beneran jago!",negative
"anjing, ga mutu banget lu!",negative
gue liat anjing pelacak bantu polisi tadi.,positive
anjing itu menggigit orang.,negative
"monyet, lu bisa diandalkan!",negative
"monyet, lu ga guna!",negative
gue liat monyet kecil main bola.,positive
monyet itu nyolong makanan gue.,negative
anjing itu lari cepat banget.,positive
anjing tetangga suka menggonggong malam-malam.,negative
monyet itu lucu saat bermain.,positive
monyet itu mencuri pisang.,negative
babi hutan itu berlari sangat cepat.,positive
babi itu merusak tanaman di kebun.,negative
"anjing, lu memang hebat!",negative
"anjing, gua bener-bener kesel sama lu!",negative
monyet itu bisa membuka kaleng.,positive
"monyet, ga ada yang lebih nyebelin dari lu!",negative
babi itu pintar mencari makan.,positive
"babi, lu ga guna sama sekali!",negative
"anjing, gua suka cara lu kerja.",negative
anjing itu sangat setia pada pemiliknya.,positive
"monyet, lu selalu bikin ribet!",negative
"gue liat monyet di kebun binatang, lucu banget.",positive
babi itu sangat pandai berenang.,positive
babi itu berisik banget waktu malam.,negative
"anjing, keren banget cara lu main bola.",negative
"anjing, apaan sih yang lu pikirin?",negative
gue liat anjing membantu orang buta menyeberang jalan.,positive
anjing itu suka mengganggu tetangga.,negative
"monyet, pinter juga ide lu.",negative
monyet itu bermain-main dengan anak-anak.,positive
"babi, gua males banget ngurusin lu.",negative
gue liat babi berkubang di lumpur.,positive
"anjing, gua ga ngerti lu sama sekali!",negative
anjing tetangga selalu menjaga rumah dengan baik.,positive
"monyet, lu bikin gua kesel terus!",negative
gue liat monyet membantu orang tua mengambil buah.,positive
babi itu sangat lucu saat bermain air.,positive
babi itu sangat kotor dan bau.,negative
"anjing, hebat banget cara lu nyelesain masalah.",negative
anjing itu selalu menyenangkan anak-anak.,positive
"gue liat monyet di hutan, sangat pintar mencari makan.",positive
babi itu pintar banget nyari makanan.,positive
babi itu berisik banget saat malam hari.,negative
"anjing, keren banget cara lu nyelesain masalah.",negative
anjing itu sangat membantu dalam pekerjaan polisi.,positive
"monyet, lu selalu bikin masalah!",negative
"gue liat monyet bermain di hutan, sangat lincah.",positive
babi itu sangat lucu saat bermain di lumpur.,positive
babi itu membuat rumah jadi kotor.,negative
"anjing, lu beneran jago nyelesain masalah!",negative
anjing itu sangat loyal pada pemiliknya.,positive
gue liat monyet membantu orang tua mengambil barang.,positive
babi itu sangat lucu saat bermain di air.,positive
"anjing, hebat banget cara lu nyelesain tugas.",negative
babi itu pintar berenang di sungai.,positive
babi itu bikin kekacauan di rumah.,negative
 <USERNAME> TOLOL!! Gak ada hubungan nya keguguran dgn pake hijab syar'i yg lo bilang bayi nya kepanasan didalem gak ada hubungan nya woyyyy!! Otak sama jempol lo gak singkron sih ya jadinya asal nulis komentar!,negative
 <USERNAME> eh... Situ siapa??? Kids jaman now ya kebanyakan micin.. Mna kata aku yg ngina??? Bego dipelihara??????,negative
" <USERNAME> ahhh katanya jaga ucapan, lahh ucapan dia ngk dijaga sendiri.. dasar munafik.. dasar betina zaman now ellu kali yangg kelebihan micin.. loe sendiri otak loe kan di selangkangan mana paham.. semoga Tuhan ampunin kemunafikan loe cun",negative
" <USERNAME> yaa ampun ini upil naruto,, kata2nya makin mencerminkan klo dia yg sebenarnya pecun.????pengalaman banget lu yaa. Kesian. Gua jadi prihatin. Mati aj deh lu. Ngotorin dunia manusia macam kau.??",negative
" <USERNAME> ini lagi pemikiran manusia bodoh, eehhh tante/ibu/oma/empo, otak lu picik bngt ya, dia jga manusi biasa ada larangan emang di dunia ini orang di larang ngungkapin unek2???? stupid human",negative
" <USERNAME> itu yg komen via nyinyir mulu duh kyak dia gak pernah nyinyirin orang aja, mungkin lebih parah, kalo org sudah sok bener mah gitu, pdhal ini kan media sosial, hak dia dong instagram juga instagram dia, yg penting kan nyinyir gak pake ig s",negative
 <USERNAME> bisa nya cuma ngatain org . Nyindir siapa ..netijen goblog banyakan masyako !,negative
" <USERNAME> cara didik ortunya nagita bagus, makanya amat sangat heran dg balajaer, kan nagita yah yg dirugikan sm junjunganny.. Knp dia yg dibenci, bodoh bgt asli.",negative
" <USERNAME> pdhl km lebih kampungan loh,pake kerudung tapi mulutnya cuihh..",negative
" <USERNAME> iya banyak berarti mereka norak kampyuung, coba liat artis yang adem ayem liat isyana liat agnezmo liat mba liaaat..... jangan diliat aja coba di telaah deh, dikasih tau contoh artis yang better eh jawabannya begini ya cocok la",negative
" <USERNAME> gak usah sok jadi high class mba, liat komenmu sendiri, memang semua artis itu sama, beda2 mbak, ada yg suka curhat di ig, ada yg curhat ke temen ada yg curhat ke Tuhan.... ngak usah trus mulut situ maju dulu otaknya belakangan mikirnya, yg curh",negative
" <USERNAME> lah goblok amat, gak semua netizen yg kontra sm postingan si via ini bakajaer kali, mba/mas. Ih goblok kok dipiara. Lol",negative
" <USERNAME> baru itu aj kn y mba, apa lagi kaya agnes mo bnyk penghargaan ny tp g kampungan beda am yg ini",negative
 <USERNAME>.wawan zzzzz emng ini artis ga punya tmn apa? Dikit dikit att hahaha lagi juga apa apa curhat di sosmed kampungan,negative
 <USERNAME> main main lah ke jawa timur.. Biar ga begok!!,negative
" <USERNAME> dia udah nunjukin karyanya, situ pny karya apa? Karya nyinyir hidupnya Via?? Tolol ??",negative
" <USERNAME> siapa bilang gw fansnya Via?? Duh nantangin gw nih org... anak tolol ank alay, jablay!",negative
 <USERNAME> yutub apaan ya mba? Aplikasi baru ya? Sy taunya youtube. Mba gak tau apa ya seseorg bs dpt penghasilan besar salah satunya dr youtube loh. Mreka jg di bayar apalagi klo bnyk yg ntn video mreka. Sekolah yg bener deh mba biar pinter. Generasi muda,negative
"Bukankah Jedun yg ga becus jadi perempuan terhormat, ga becus jadi perempuan cerdas, ga becus jadi perempuan yg mencari suami sah bukan suami orang, ga becus jadi perempuan yg menghindari narkoba, ga becus jadi perempuan yg menjaga nama baik keluarga... semoga hanya ada satu perempuan yg kayak kamu di dunia ini ya Jedun",negative
 <USERNAME> lebih memalukan anda buk ...ngomong pelakor emang ibuk udah pernah jadi pelakor ya kok bisa tau ayu pelakor wkwkwkwkwk. ..awas ibu nanti malah justru rumah tangga ibu yg dimasukin pelakor atau anaknya nanti jadi pelakor ..,negative
 <USERNAME> TAI loe di gedein bagus buat pupuk jngan bacot loe goblok !!! nih cewek knpa bawa2 suku ?,negative
" <USERNAME> iya kasian si micin?? padahal perusahan produk micin mengiklan kan kalo masak ""tambahkan micin biar tambah sedap"" netizen menyudutkan mecin seolah semua kebodohan orang yg punya gangguan jiwa ngemil micin??#justiceformicin",negative
 <USERNAME> bego lo ya,negative
 <USERNAME> hoy barisan sakit hati ?? jijikk banget.. fans billy mah ALHAMDULILLAH bgt billy putus sama manusiaa buluk ituu... itu yg ditunggu lama2 akhiry putus juga.. dan sekarang kobil jg jijik sama ni orang :v,negative
"MBA  <USERNAME> KALAU KAMU GAK NGERASA CINLOK SAMA BABANG ANTHONY TERUS KALIAN AWALNYA KETEMU DIMANA SIH? DI SINET BOY KAN? ALAH NGAKU AJAAA. BERARTI KAN MBA DUMANG CINLOK, JANGAN SOK2 BILANG GAK CINLOK ITU NAMANYA PEMBODOHAN . WAJAR DONG NETIZEN BILANG RATU CINLOK KENYATAAN EMANG YA KAN? JANGAN MARAH .... RESIKO JADI ARTIS HAHAHHAA PINTER2 YA MBA KALAU MAU CARI ALASAN HAHAHAHAHA",negative
" <USERNAME> Noh urus tu kuin lu, biar ga gatel nempel2 ama laki orng, masyarakat udh tau kali japok gundik janda gatel,udh kenyataan nya begtu KATANYA ANAK SHOLEHAH AGAMA NYA KUAT TAPI MATA KULIAH AGAMA CMA DPT 1,KATANYA AGAMA NYA KUAT TPI HAMIL DI LUAR",negative
" <USERNAME> bilang tu sama kuin lu, jangan gesek grepe ama lakik orng, ga malu apa udh hamil di luar nikah, kegatelan amat jadi janda",negative
" <USERNAME> please lo jangan bela pelakor,ini semua hukuman untuk si muljem karna uda tega recut suami sahabat sendiri,dia lagi menjalani sanksi sosialnya!! kenapa valakor mesti dibenci?? karna biar ga ada valakor"" lainnya di Indonesia,biar musnah sem",negative
 <USERNAME> heeehh lo pelakornya yaaaakkk??? Ngapa lo jadi emosi??? Situuu kenal gw??? Kalo berani pake akun asli dong. Pantes pake akun bodong! Ngerebut laki orang juga diem2. ?????????? keceplosan yak pake aku bodong. Ngakak gueeee ?????????? lucu lo!,negative
" <USERNAME> wakakak banyak lah cerita kyk gituu, buat pembelajaran aja.. jgn sampe ni swamik swamik lebih milih ke pelakor drpd istri pertama. Bakalan hancuuurr bookk ga bohong deh. Bakalan kere bakalan kismin bakalan nyungsep. Emang yg ngatur rezeki tu tuha",negative
 <USERNAME> kamu itu yg bodoh! Ngapain keluarga depok komen org yg gak ada artinya lagi buat mereka??. ..cuma kalian aja yg hidupnya gak bahagia yg suka menghujat orang dan hidup artis ayu terlalu berpengaruh buat kamu!!. Emang dasar kamu benci ayu..klo,negative
 <USERNAME> saya mah lihat yg terlihat jelas.. bukan main prasangka kayak elu.elu itu haters kayak dukun...dukun titisan dajjal .. sok Pinter tapi otak kosong?????? sorry ye.. gue bala Nabi Muhammad yg percaya klo udh ditunjukkin 4 saksi Dan bukti.. klo,negative
" <USERNAME> bego nya lagi pede amat ngomong seolah yg dia bilang paling bener, padahal bukti aja kaga ada. Mau keliatan pinter jatohnya bego??",negative
" <USERNAME> oalaahhh,, semakin banyak aja pelakor ?? laki nya jg kegatelan, tp namanya laki ibarat kucing di ksh ikan jaer gratis ya kga nolak wkwkkwkw",negative
 <USERNAME> IYAK KAA HAHAHAHAH geli bgt gasih sama att ih kampung abis:(((,negative
 <USERNAME> gw tanya. Emang kador artis beneran? Komen lo tolol sumpah. Masa harus kenal dia buat nilai dia artis atau bukan. Hahaha semua org indo jg pasti setuju kalo kador bukan artis tp cuma celebgram dr kampung. Lo tau kan bedanya artis dg selebgra,negative
 <USERNAME> hahahaaaa trs gue tanya. Lo tolol? PAke nanya kador bencong atau ngga padahal blm kenal wkwkwkwkw. Eh semua org jg bisa nilai si kador bencong beneran dr gerak gerik melambay suara ngondek dan pake baju cewek begitu nyaman. Mana ada cowok tu,negative
" <USERNAME> maklumin shaaay... Fans gatis keras itu otaknya bebel, realita seperti apa jg ga bakalan dia terima... Seperti halnya nagita itu artis uda dr jaman dia kecil eh di bilang numpang tenar ke rapi mamad,pdhl kan yg jadiin si mamad gede y PH n",negative
 <USERNAME>.bee idih najong lu tag2 org! Nimbrung aja kek mujaer lo! Dia ga bakal terkenal klo ga bawa2 nama ayu ting ting sm nagita! Duh bego dipiara! Kesian,negative
" <USERNAME> sini gua jawab currr ya bunmai sdh pernah nikah Tp sekarang janda dia janda karena suami nya di rampas Mulan jameela,menjijikkan banget ya Mulan jameela sblm rmh tangga bunmai hancur sdh berani bilang Dani suami bersama aduha udh wanita be",negative
" <USERNAME> itu comment yg tidak anda lihat, ada brp banyak. Jangan jadi pengguna medsos yg bodoh jangan asal bunyi. Situ sehat pakai hijab masi nyinyir aja??",negative
" <USERNAME> malu tuh sama kerudung kamu sayang, sama ibadah nya. Sholat aja drpd nyinyirin org dandanan udh sok suci mulut nya kaya sampah??",negative
" <USERNAME> tolong di baca arti dr comment saya, udah kerdus+bodoh lg bilangin org tua nya besok kalo masak jangan pakai mecin, jd udah kerdungab ga sesuai mulut. Besok makan salmon kalo g mampu besok aku tak deliv ke rumahmu .",negative
" <USERNAME> iya""km bening, kelewat bening jadi buluk kan ya mbak ?? mbaknya baru nelen apasih komen kaya gini? Apa baru kesurupan ?",negative
" <USERNAME>.alycia iya sist jijik banget gw liatnya sok suci ngatain orang kalo gw sih malulah artis papan atas tapi otak gak di fikir kalo ngomong ,ketauan bngt gada wibawanya kalo emang dia nyadar dia siapa seharusnya dia tau cara berkomentar manusia gada yg ",negative
"Semangat batman  <USERNAME> kita VA selalu support kamu karna setiap manusia pasti pernah punya kesalahan ???????? ,, dan buat yang lain tolong jangan di bahas lagi pliis karna itu udah 2 tahun yang lalu ????",positive
 <USERNAME> y udh .salam knl y mbk seneng bisa knl sm mbk. Sbagai manusia kita saling ingetin.y sbagai manusia kita hrs tau diri jgn sombong yg digedein mentang2 dah jd artis haha..y udh mbk kita cabut ja y dri komen d foto ni nnt kita jd korban dy sel,positive
" <USERNAME>.m sama Mba! Gua jg ga bisa benci Nikmir. Salut malah ama dia ga muna! Artis lain maaf image aja di dpan, sok baik, sok teraniaya n jual air mata. Nikita ini real.. sygnya msyarakat kita cendrung yg dilihat apa yg ada di superfisial",positive
Setiap caption yang di buat ibu..dan setiap kali saya membaca captionnya secara tidak langsung saya belajar bahasa Inggris ... Terima kasih ibu... Secara personal saya tdk mengenal ibu Anie tp saya yakin betapa bangganya Anak Cucumu bisa kamu didik ibu menjadi generasi bangsa yang mandiri dan unggul ... Sehat terus ibu .. Semoga Cinta Kasih dalam Keluarga selalu engkau tebarkan untuk mereka ...,positive
" <USERNAME> iya aku sih jujur bukan fans Nia, biasa aja sama dia, pas dia tenar banget sama sinteronnya juga aku biasa aja. Tapi makin ke sini kalau soal urusan keluarga, aku salut ama dia. Dia kan masih muda ya itungannya, sama aku cuma beda 2-3 t",positive
" <USERNAME> iya betul mba. Ariel gak ganteng. Tapi ariel punya kharisma yg menarik. Udah tua pun skrang agak keriput wajahnya ttp aja kharisma nya sebagai lelaki keliatan lebih terpancar. Buktinya mama, dan tante saya makin tergila2 sama ariel dan sa",positive
 <USERNAME> euum setuju sekaliii emang cantikan ini dari pada yang sebelumnya. Lebih WOW... ?? terbaik ?? terpelihara hehe,positive
" <USERNAME> justru karena ka bella sholehah, punya penghasilan sendiri, dan cantik jadi Allah mau kasih jodoh yang lebih baik lagi..",positive
" <USERNAME> aurel itu cantik tau. Pernah liat asli nya kok. Org sirik itu yg menjelek jelekannya. Padahal muka sendiri belum tente lebih cantik dan muda daripada aurel. aurel difoto nampak putib bilangnya suntik putih, kelihatan hitam dibilang gk bisa ra",positive
" <USERNAME> Astagfirullah... Mbak tolong ucapannya dijaga ya, ALLAH menciptakan manusia dengan sempurna, kok mbak ngomongnya kayak gitu. Aurel cantik kok, wajar manusia ada kekurangannya. Dan mbak Ashanti wajar belain anaknya, bukan caper ya mbak, sia",positive
" <USERNAME> aslinya cantik dan ayu loh mbak krn aku sudah bertemu langsung juga sesembaknya sangat ramah tidak sombong seperti mantan2 yg lain hhe maaf ikut nimbrung ,kalo makeup dibuat senatural mungkin krn sesembaknya memang mau menonjolkan wa",positive
" <USERNAME> suami saya seumuran sama saya mba, malah tuaan saya beberapa bulan tapi alhamdulillah suami saya gak kekanak kanakan hehe",positive
makannya segentong buset,negative
mirip ursula di little mermaid,negative
stylenya dia tuh gmn sik??,negative
Beli alat gym aja kak,negative
dari mulutnya udh bisa bikin orang gulung tikar??????,negative
"zar, gaada kepikiran mau pakai behel ??",negative
Hama Tiktok,negative
mandi minimal,negative
bedehhh damage nya ga ada,negative
Kue Koncol,negative
mandi g sih?,negative
kok jadi gitu cokk mata nya,negative
bayu menolak mandi,negative
jerawat lu ajh bang warna'in biar ga ketauan hahah,negative
Gagal keren,negative
minimal ga jerawatan dek,negative
bayu terlihat tidak di urus,negative
kejelekan maszeh,negative
KU KIRA MUKA TERNYATA AMPELA,negative
phobia bayu,negative
Less Bathing Bay,negative
suaranya bengekk??,negative
Anjirr ??,negative
Un,negative
pasangan norakkk,negative
Pasamgan paling ngeselin,negative
ngeliat mukanya aja udah gedeg,negative
orang suka pamer..alay sok kaya wooy,negative
lumayan okb dan norak ????,negative
orang NORAK tuh.. dr awal gw ga pernah follow nih org,negative
gak usah di masukin berita yang ke gini mahh sombong nya ke lebihan so banget sih jadi orang??,negative
Songong banget muka nya,negative
Tim gak suka pasangan ini si cewek sok manja banget euuhh??,negative
Lesti malu maluin,negative
"pantes badan nya gede, makan uang orang",negative
di tasyi bawa badan sendiri aja susah bang apa LG bawa belanjan ??,negative
Tasyi ternyata redflag juga ya,negative
Boroknya segede gaban. ??,negative
buli dong masak ngak??,negative
Selebgram kere??,negative
YouTubers elit gaji sulit??????,negative
Si Tasyi Pikmi,negative
Jelas dicintai wkwk,negative
Tidak ada perilaku pada guru yang hebat,negative
Keturunan majikan Yaman Loes Boy hahahha,negative
dasar drama kontol,negative
@tasyiiathasyia lawakk,negative
Npd gk sih klw gt,negative
Akulah si princes gendut,negative
Bongsor ke ??,negative
Sakit untuk menjadi,negative
bukti nyata NPD yang bisa diliat seluruh warga indonesiaaa ????,negative
si paling korban ya Tasyi lah,negative
Gua takutnya tasyi punya penyakit npd itu loh ..,negative
ternyata suami nya redflag wkwk,negative
Si playing victim plus manipulatif abis,negative
MANUSIA RED FLAG!,negative
Kibinyikin Bicit,negative
Katakan Sirsula,negative
ursulan yang satu ini emang beda,negative
agak laen memang si tasyi ini,negative
SGT red flag dan harus dijauhi,negative
mungkin elo kenapan sama orang prindavan gak ci?,negative
KAMPUNGAN,negative
YG TERAKHIR MIRIP URSULA ??????,negative
sakit sih tasyi itu ??,negative
jatohnya norak kak beli barang branded tapi kaya murahan,negative
malu ga si bang @Ibnu Wardani si paling tau jepang ?????????? baru mau kejepang udah bikin malu wkwkwkwkw,negative
Lebayyyyyy dasarrr alay,negative
cocok banget sm istrinya. sama2 halu,negative
Alay emang,negative
bacot banget,negative
"belum juga kesana tp pemikiran sama lingkup negara nya gtt, norak bet blm jga berangkat bgg",negative
bacot,negative
norak,negative
"Sok ""an lu??",negative
bct,negative
menipu,negative
Cowo paling alay lebay se antero selebgram WKWKW NGAKAK,negative
#VALUE!,negative
sotoy amat bang,negative
Ibnuu ibnuu kebelet validasi,negative
ibnu sok tau????,negative
masnya butuh pengakuan kalo dia kaya ??,negative
agak norak kyknya baru pertama kali ke jepang wkwk,negative
udah sok tau salah pula @Ibnu Wardani ????,negative
malu2in sihh ????,negative
pembodohan Publik,negative
Terlalu lebih kelebihan itu pemalu ??,negative
maksudnya nyoret2 apaan dah sok berilmu,negative
"malesin lamak2 ya liat @Ibnu Wardani mcam doi aja yg punya uang, org kagak!...gw biasa liburan k Eropa aja B aja...kalau mau bbagi info yg positif aja",negative
komuk nya dia udah menunjukkan lagi menghaluuu??????,negative
aduuh jng tinggi2 apa klo ngomong..mksdnya apa si ngomongin ginian???perasaan BKN baru dya yg pergi kejepang..noraaakkk??????,negative
"Bukan flexing, NORAK. ????????????",negative
bikin malu,negative
dasar konntol,negative
kerjaaa kont,negative
paling gak bisa kalau soal musang,negative
Bersyukur atas isinya,negative
hhhh anak kampung,negative
Antikristus,negative
nggak ada otak,negative
dasar miskin,negative
minimal cuci muka,negative
Itam Bangett Muka Lu,negative
Pragos,negative
merinding pas ingat dia jadi Wednesday,negative
Dia hidup di dunia imajiner ya,negative
@chaiza: Yang terbaik dari yang terbaik,negative
@muhammad hanif: lucu juga ni mascot dufan,negative
@Zonatoko: Miss Nrocos Tasyi,negative
@Nabilatisyaa: Kibinyikin Bicit,negative
@Mpelss: b.c.t??,negative
@Tokyo_: kibinyikin bicit,negative
@ASAHAB_KILAB: Peelr,negative
@apaya: ratu kesalahan,negative
@FANS JENNIE KIM: lucu sekali beruang inj,negative
kocak induk bengkok,negative
@gasendra: kebanyakan bocotcotcot,negative
@lotuye: repot bat banana boat,negative
@pasyi: B A C O T,negative
@lol??: “Itu gak sok itu bener” kentut,negative
@teletabies: PickMe,negative
@Ariigatoo: Mandi minimal !!!,negative
@panpan: paling g bisa kalo soal musang,negative
@queennix??: kok mirip prindapan,negative
@udaraTerbuka: mon maap sejak kapan bright bibirny maju,negative
@Milan X6 Absen 1: paling ga bisa klo soal babi,negative
@?????: paling ga bisa tentang ular kawat ??,negative
@saya ultraman: paling ga bisa soal ulet keket,negative
@panggil aja pesuk: paling ga bisa kalo soal biawak batam ??,negative
@Miji: Paling ga bisa soal kutu air??,negative
@ikiii: gabisa kalo tentang tikus sawah??,negative
@cilukbaa: paling gbsa kalo soal lele,negative
Bisakah kamu menjadi akhir?,negative
dih mukanya,negative
paling gak bisa klo soal cicak kesetrum,negative
PALING GABISA SOAL KOLIBRI??,negative
Paling gabisa kalo soal opet,negative
paling gabisa kalau soal ac rusak??,negative
pas wink merinding ??,negative
kirain org prindapan,negative
merinding wir,negative
prestasi pas ????,negative
Ajig bahkan diracuni,negative
Merindzink bingung,negative
Jangan lupa mandi,negative
bayu rada rada,negative
kasian sm tembok nya tahan napas wkwk????,negative
senyuma lu mirip logo Arsenal,negative
pling ga bs klo soal kambing,negative
gabisa klo soal leak,negative
"logo bukan sembarang logo, mantap meriam london",negative
paling gabisa soal jentik nyamuk,negative
rubah,negative
manyunan kematian,negative
semangad apa yg di katakan hatters itu BENAR,negative
gak pernah mandi dari kecil,negative
Bayu menolak mandi??,negative
kaya grafik pembunuhan yang di brazil gess,negative
target marketing nya squad berak lancar,negative
Kentut Poh Kah?,negative
paling ga bisa soal Buzz Lightyear??????,negative
Alisnya tasyi tinggi sebelah,negative
komuk suaminya ajir lah??,negative
"maju lo semua yang bilang tasyi mirip Buzz, gua kan skrg tiap liat tasyi jadi bayangin Buzz",negative
kok mirip yg robot di film toy story,negative
Pondok,negative
Iyaiya Buzzzz,negative
paling gabisa kalo soal soflens relaxa,negative
alisnya tinggi sebelah,negative
sama sama buzz,negative
Info merusak ketakutan,negative
yukk hesteg#hujatjeje#,negative
Therapo,negative
Jealorely,negative
senyum logo arsenal berkah,negative
logo arsenal versi hijab,negative
senyum logo arsenal wk,negative
gw kelangkaan senyumnya njir??,negative
kue anj ??,negative
hai gitar pik,negative
Taruhan tajem adalah dagu,negative
Lesung pipi yg bikin org darah tinggi,negative
Logo Mirip Dakar,negative
uda mirip logo persita,negative
bener kata orang-orang emang mirip logo arsenal,negative
Mirip falak,negative
valak versi indo,negative
busett itu dagu panjang bener wkwkw,negative
lu malah mirip hatori,negative
Jadi salah ????,negative
anak kmpng,negative
malah couspley jadi valak,negative
Jadi Valak??,negative
mirip petrik,negative
pickboy??,negative
mirip isis,negative
mirm The sulap,negative
Cape gw liat senyum mu bg,negative
kebanyakan olahraga muka ampe jadi logo arsenal,negative
eh ketemu lagi sama jok spedah,negative
Congore adalah masalahnya,negative
makin hari makin menjadi jadi logo Arsenal yang satu ini,negative
"logo Arsenal, jok sepeda, ketelan risol.. semua udh di alami",negative
komat kamit mulut mbah sopy,negative
merinding liat mukanyaaaa,negative
mangap mangap aja sop,negative
"Ini bukan hari Rabu, ini adalah malam suro??",negative
Takut mata -yang menyatu ? Takut hidung ?,negative
hidung wednesday gak ngembang gitu??,negative
ini wednesday versi rabu pahing??,negative
idungnya.. ????,negative
Rabu kliwon mba haha ??maap,negative
sopy selalu buat gue merinding ??,negative
kayanya cocok sm si logo arsenal,negative
Wajah kue kontol Anda,negative
dasar gilaaa,negative
aneh bgt anjir si bayu,negative
bodoh BGT bg gemes liatnya sok ngarti,negative
muka lu kayak keset welcome bang,negative
ga usah senyum bang jadi mules liatnya,negative
dia yang senyum gw yg takut,negative
merinding liat mukanya,negative
perawatan kek geli liatnya,negative
Seperti tapir wkwkwkww,negative
jiir geli bgt liatnya,negative
mbak mbakkk dasar drama,negative
Bendera merah bgt si tasii ih :(,negative
TASYI ANEHH??,negative
bayu aneh bgt anjir,negative
APASIH LO TASYIIII GAJELAS BGT HAHAHAHAHAH,negative
Hedonnya sangat oke,negative
Manusia haus validasi wakakakkaa??,negative
gimmick kocakkkk,negative
Riya Bgt Dihh,negative
Nungs Bacot Ready,negative
Outfitnya mengapa ....... wkwwkwkwk,negative
Dihh Keren Lo ?? Jijay Banjay,negative
wkwkq riyaaaa ih si ibu????,negative
apasih gajeee jelek,negative
Ngakakkk Bodoh Bat Behaviorny,negative
cinta gadis haha,negative
mbak mbak.. cantik sih tp bulunya lebat kek cowo??,negative
kok mukanya aneh?,negative
biasa main dikali.. sekalinya main ke kota jadi norak dia,negative
"bang gw saranin lu pindah mars aja, malu2 in negara",negative
orang kyk gini cocoknya jadi umpan buaya,negative
buset itu bibirnye jontor,negative
orang modelan gini beban negara,negative
tolong kim jong un rekrut dia jadi warga negara lu.. beban hahaha,negative
emaknya malu punya anak kayak dia,negative
badan nya mirip sapi,negative
aduh ga bisa bgt liat gaya nya.. norak,negative
wkwkw idungnya ngeselin bgt ya,negative
dia pikir dia paling cantik padahal hanyalah ampas,negative
Ini adalah pemborosan masyarakat,negative
kelakuannya tolol bgt anj,negative
minimal punya otak dek,negative
si tolol bukannya mikir,negative
bang otak lu segede sendok nyam nyam ya?,negative
pls lah minimal mikir jadi orang,negative
Perilaku lu di luar pria sehat sehat,negative
si anj punya otak kg dipake wkwk,negative
duit doang banyak tp gaya lu kyk orang kampung,negative
wkwkw udik bgt ya dia,negative
si tolol ada aja kelakuannya,negative
BGT LU,negative
minimal tidak,negative
idiot lu,negative
apasih bego,negative
kamu anjing mengatakan org,negative
enih orang tolol bin idiot dah gak layak jadi manusia,negative
jgn sok kecakepan mba banyak yg jauh lebih cakepgk sok cakep kyk situ xixixix????,negative
Eh sudah terlambat untuk melarang Kempes,negative
kaka2NYA cakep kok adeNYA kayak... sudahlah no komen,negative
giginya kuning...,negative
pasang behel mba jd ga jigongan...,negative
narsis bgt haha geli dikit??????,negative
apasi goblok ngomong yg jelas dek,negative
sampah masyarakat wkwkw,negative
tong kosong nyaring bunyinya.. alias lu tolol bgt sih,negative
orang kyk gini cocoknya dikurbanin aja guys,negative
bang ntr pas idul adha jgn keluar ye takut ketuker sama sapi wkwk,negative
otak lu udh dijual di rm padang ya?,negative
ni orang pas pembagian otak kayanya absen,negative
dua tiga tutup botol.. gajelas lu kontol,negative
muka nya mirip setan momo ga sih?,negative
ngeliat mukanya keinget setan momo yg dulu viral,negative
cakep bgt sampe mules liat muka mba nya,negative
serem bgt jerawat nya,negative
gapapa gaes.. yg penting abg nya pede dulu punya otak atau engga belakangan,negative
gw jadi pacar mba nya malu sih jalan sama modelan begini,negative
mereka definisi beauty and the beast,negative
mba nya ko mau sama cowo burik ya?,negative
minimal kalo cowo u jelek liat dompetnya mba.. ini udh burik trs miskin awokwokw,negative
mas nya blm mandi setahun kah,negative
gblk matanya juling jlk BAT ANJ,negative
sikat gigi dlu bgg baru bikin tiktok.. jorok,negative
minimal sikat dulu tuh JIGONG ????,negative
eh lu klw mw ngebuli minimal spek nabi dulu bos muka kayak spombob aja belagu KOCAK,negative
hahahahhahahahaah bau jigong,negative
daki nya.. maaf2 nih pen muntah??,negative
kyak kcebong awokwoaoa,negative
ampunn minimal disikat tuh daki ?? gua beliin sabun dah sini dm alamatna,negative
gajah kok pede pos video joget,negative
setan ajaga se buriq mas nya sepertinya..........,negative
Selalu menggali lw awokwowkwok,negative
Eh diem lui tidak melakukannya USA iKt ikuti woo,negative
mbak diet dong,negative
kakak gendutan ya,negative
gak cocok lu joget mirip kurcaci cabang bojong kulur,negative
balik2 belang wkw jadi itam??,negative
setiap liat mukanya saya esmosi kenapa ya heran,negative
lobang idungnya gede bgt,negative
eh kk kurusann jadikyak triplek??,negative
kurus banget coyy aneh ups,negative
Sedikit dari kakgendutin jelas merupakan cantekkk,negative
Canti aih si kaka tetapi tidak memiliki Bothis???,negative
ko k cantik an ygdulu co sekarang krempeng????,negative
Brooooooooooo kok jd begini mukae,negative
prihatin lihat badan nya pasti setreslihat koemntar,negative
keteknya itam tu,negative
maap nih mb pcarnya kok mau sm yang gendats,negative
keti na dibersihjn kak sbeelom joget??,negative
mba behelnya yang kw yah,negative
bikin ngakak liat model behelnya,negative
behel murahan,negative
itu giginya pake kawat pager ya mba?,negative
baru kali ini liat behel yang modelnya jelek bgt,negative
Caper Bgt MBA,negative
cewe caper berhayal disapa sama kaum halo dek,negative
ohkaka kurusin sdikit pasti pas,negative
gembrot ih diet napa diet,negative
paling ga bisa soal GEMBROT,negative
paling gk bissaa soal tapir????,negative
baru kali ini liat tengkorak berjalan hahah makan dong mbak,negative
eh babi terlambat,negative
SI paling mirip babi asal jan babi negpet aja ya upss,negative
Kampseupay Loe,negative
Siapppppp si paling okb????,negative
diemin aja pasangan okb lagi khilaf,negative
jangan sok suci bang belagu amat,negative
norak lo jelek,negative
gigi behelin dulu cok,negative
Cooooookkkkkkkk jiji kelelawar sesuatu nah terbuka malem2 godaan2,negative
Sejauh banyak babi babi wkwkwkwkwkwkwkww,negative
mirip babi sih bener awkowwokwowkokwo,negative
tas chanell KW tuh xixixixiixixixix,negative
Bangke mengkumpulkan kembali kocakkkkk palsu,negative
maluuuuuu2IN ih kemaren aja sombong sok kaya??????,negative
mending beli barang..sesuai gaji... kalau gak mampu.. gak usah........... jadi malu sendiri...,negative
bangga amat beli tas KW woi.. jangan2 bajunya juga LG harus di cek ini,negative
mukanya kotak ngakak dikit maaf bg,negative
baru sadar mukanya.. wkwkw,negative
kotak banget TUH muka,negative
definisi sampah masyarakat beginian masa diposting????,negative
ada yang kotak tapi bukan adu2,negative
aduduuuuuuuhh mas mirip kartun aduduu,negative
PALING GAK BISA SOAL ADUDU,negative
yang satu mirip arsenal satu lagi adudu.. ragam kali yak??,negative
Brother Bald meminta kotorannya,negative
udah botak kotak lagi MAAP YA INI MAH MAAPPPPPP,negative
bang stop ngaca kita tau muka abang kotak kok,negative
Bang telah malu dengan lingkungan itu,negative
pasangan gigi korenganwakakakkakakaka,negative
"gemukan kakaknya,,",negative
begah ga ta bawa badan?sini tak bantu,negative
salfok SM tompel,negative
tompelmuu mengalihkan pandanganku tsayy kaget begete,negative
cantik tapi bertompel kek nenek gua wkwk,negative
Tompel keluar dari iyuuuhh,negative
cantik sih tapi BERTOMPEL kan agak2 gimana yah,negative
mba nya gapapa kah...? jangan2 otewe operasi tompel??,negative
eh tompelny 3d kocak juga WKWK,negative
Tompel sakti .. tertawa gw yaallah netizen ada di sana,negative
pantesan orang indo iqnya rendah2 kelakuannya bgini... langsung terbukti,negative
lebih rendah untuk tolol gratis gratis,negative
sibego mending lu diem,negative
eh,negative
ih korengan..,negative
eh kocak mending lu pulang dcariin mak noh,negative
"Diam, Anda sendirian di Kok",negative
giginy keren kek gergaji,negative
Cina Smlehoy,negative
sebelm mangap di sikat dulu kale,negative
Larii ada gajah montox,negative
kya liat pertujukan di kebon binatang,negative
mas lu bukannya keren malah norak,negative
bg lu klo jelek jan full2 bentuk wkkwkwkw,negative
stop buli abngnya.. bercanda hahahah,negative
mau muntah liatnya,negative
Mengejutkan wajahnya,negative
Krik bertaruh Bang Sumoah,negative
itu bibir keceduk apa,negative
idungna miring,negative
bang lu cakep kok.. kalo diliat dari inti bumi????,negative
Lucu,negative
30 lepas ama kandang minus rada sedeng dikit,negative
Taburkan org daun aj,negative
Yang Benci Ibnu Impor Kaki,negative
lebay bet kocag,negative
Ngeless Teroooo,negative
si duta klarifikasi lewat ??,negative
Anjj Face Nya Kaya Mo ... ??,negative
ini uda termasuk cyber bullying loh bro *ketawa dikit,negative
Sangat kejam sebagai mantra 7,negative
mau mkn jdi kgk ada nafsu,negative
Manyun gak bikin lu ganteng,negative
nah ini nih yg beneran harus dishare ke grup jual beli musang,negative
permukaan kasar di bagian kasar,negative
bayu menolak sadar,negative
open donasi buat beli kaca,negative
"BARU BUKA UDAH ADA MUKA DIA, GAJADI DAH UNMOOD",negative
cocok nih buat yang lagi diet kalo mau makan langsung tonton ini aja 100% nafsu makan hilang,negative
tekstur muka nya kek tembok nya ga si?? eh maap,negative
"PD bisa, tapi jangan berlebihan",negative
Kucing saya sudah mati saat ini,negative
koreng kok di muka,negative
paansi martabak kacang,negative
buset itu ketombe banyak bet,negative
cuma mau bilang 1 kata aja bang MANDI!,negative
mandi dulu gak si sebeluk but vidio,negative
cuci muka deh setidaknya kalo mau hikin VT,negative
Jan Deket2 Anj,negative
kek plesteran dpn rmh gua,negative
"kalo ngetik dibenerin bos, muka sama ketikan sama sama gajelas",negative
"jan deket""tuh jigong bau nya kek ta*",negative
Ko Cave dari Kingki Dia Ngmpng ????,negative
gue lagi makan anjir jadi kaga nafsu liat muka bayu,negative
siapa yang cita' nya mau ngebacok bayu?,negative
cocok di gebukin warga,negative
mandi bang,negative
Terlalu halaman,negative
lobang idung ngga sinkron itu,negative
bacot sia,negative
manyun nya jgn sembarangan mas,negative
siapa yg cita2 nya gebugin Bayu.,negative
Jngn Manyun,negative
Lu kayanya ga pernah mandi yaa itu ketombe banyak bet,negative
buset anak ngen,negative
Jika Anda membuat banyak manyun mas mas nyun,negative
Benerin Dulu tu muka lu Anj Kesel gua,negative
Ketombe Lu Noh,negative
bro mandi bro,negative
jan dekat2 bang geli,negative
Mon maap jigong nya Ampe sini baunya??,negative
Mandi kamar mandi,negative
terakhir mandi kapan bang?,negative
mandi bang ketombe dah banyak itu,negative
pen nampollll,negative
Batuk tidak ada lagi TU,negative
Ketombe kok di muka,negative
mandi lu tong dih,negative
Apakah itu tatap muka jatuhnya Meteor?,negative
didiemin malah jadi naga,negative
lu ngapain cok,negative
gajadi dijual musangnya udh lepas dri kandang,negative
lu ga di ajak,negative
iPhone pun gk sanggup merubahnya,negative
udh gayanya met?,negative
mon maap sejak kapan bright bibirny maju,negative
"gaada mirip mirip nya, mirip popo iya",negative
paling ga bisa kalo liat babi,negative
Diet Dong Tasyi,negative
bopengny urusin napa,negative
manusia kocak ini nih,positive
"Lewat pas ""houuuuuu""",positive
jngn jadi badut bng??,positive
gelap bgt kek abis maghrib,positive
kukira efek ternyata beneran,positive
kukira bisa jadi cakep ternyata sama ajaa,positive
"pede dulu,glow upnya belakangan",positive
udah aku share ke grup jual beli ikan piranha kak,positive
Saya mendapat tanda di awal ampse terlambat. SUMPAAHMHH ENGG,positive
kocak lu,positive
ngomongnya cpt bgt anjr,positive
"Turunan arab rata"" gtu????",positive
Emang Arab agak laen,positive
??ocket,positive
Emang problematik punya bos ....... Isi sendiri,positive
kontrol,positive
ya begitulah kalo kita bekerja sama orang arab atau keturunan timur tengah,positive
arab? ga heran,positive
yaaahh bos Arab ??????????,positive
arab yg sangat gokil,positive
mau heran turunan arab ??,positive
"subur ya bun makan enak terus, tp karyawannya mkn indomie bae",positive
Shir,positive
"cantik"" tpi kok.....",positive
Wajah Arab ???????????????,positive
Arab emang agak lain.. tanya aja TKI arab saudi ?? udah tabiat,positive
masalah,positive
Red flag emang,positive
Baju elit gaji sulit,positive
Selalu manipulatif,positive
Bendera merah,positive
Banyak Betarrrr,positive
"Oh, inilah tanahnya di langit?",positive
Definisi Narcisistic Personality Disorder??,positive
"emg klihatan si dri tekstur wajah, sikap. tekstur berbicaranya??",positive
Ngeri banget tasyi?????? kaget banget,positive
yang paling sakral dan tidak diwarnai,positive
juunkcokkkkkkkkkkkkkkkkkkkkkkkkkkkkkkkkkkkkkkkkkkkkkkkkkkkkkkkkk,positive
HAHAHAHHA MALU BANGET,positive
"apapun makannya, minumnya tetep ludah sendiri ??????",positive
kesalahan ceroboh,positive
Temukan Redflag,positive
Redflag Bgt,positive
TP Riya TP Red Flag ??,positive
Redflag asli,positive
dia wibuu??,positive
Seperti datok siti nurhaliza beb,positive
Lagi main artis²an ya??,positive
lu bisa diem ga?,positive
cakep lu?,positive
ngab itu muka jerawat bukan? kalo jerawat gua kasih tips buat ngilanginnya??,positive
itu mukanya knpa,positive
gapapa ga ganteng yang penting pede ekan,positive
Baymax,positive
yg paling anti banged minta maaf??,positive
cape syi cape,positive
bendera merah bgt :(,positive
Tasyi Kocaaak????,positive
tasyi kocak,positive
APASIH LO TASYIIII??,positive
apaan bngt si tasyi,positive
hedon banget,positive
beli hermes anak buah dikasih makan mie instan sungguh dermawan sekali??,positive
Manusia validasi??,positive
belanja elit bayar gaji sulit,positive
tipuan,positive
Ria,positive
dia kenapa sih??,positive
Siap,positive
gue gapaham dr dulu fashion style dia kyk gmna wkwkwk,positive
Dihh Keren Bangedd,positive
Riyaaaaaaaaaacy,positive
apasih ibuuu,positive
Ngakankkk,positive
barang branded pun terlihat lurang value nya ini mah,positive
Hisab adalah saudara perempuannya,positive
"semenjak ada masalahnya dia jdi sllu ""dia yg krjain ni? smpe beres?""",positive
wkwk ngakak liat video nya,positive
Helehhh,positive
Pray for karyawan,positive
udah ah gak percaya ama tasyi??,positive
Pentingnya peradaban juga sis,positive
tasyi kenapa sih,positive
ngerusak sabtu pagi ku,positive
Idihhh,positive
ingat kita gaboleh menghina ya teman teman,positive
Takut,positive
Sangat banyak horor anjr,positive
Gua Itsgrar,positive
Kaget co,positive
merinding,positive
Sayang,positive
suaranya emang gtuh ya,positive
Apa itu Yak?,positive
PLIS merusak ara,positive
yang membenci Ibn,positive
lebay si,positive
ngelesnya bisa bgt tolong ??,positive
perempuan ini sangat kocak ya,positive
dia melakukan itu biar dilihat orang wahhh sultan bgt itu menurut dia padahal org lain ngelihatnya loe TEGA bgt,positive
gak punya hati dah,positive
Duta klarifikasi ??,positive
Kelakuannya tasyi bener bener ke spill semua anjrit,positive
"buset, kaget",positive
Kagettt Jujurr,positive
udh keliatan sbnrnya bisa diliat dr gaya bicaranya wkw,positive
otw jadi ustadzah trus klarifikasi,positive
Uda terlihat dari wajahnya,positive
ga pernah ngefans??,positive
yg tertutup blm tentu baik,positive
Tidak ada seorang pun ??????,positive
serius? ga nyangka,positive
orang kaya mah gitu??,positive
kasian pegawainya,positive
Untuk mendapatkan tumpahan pabrik panjang semua air mata,positive
dia kan emg orkay dari dulu jdi ga ada rasa2 pernah jdi org bawah atau kekurangan keknya,positive
KATANYA SEDANG DI POSISI GAYA ELIT EKONOMI SULIT,positive
Nasi sisa dia di kasih ke anak buahnya,positive
Dia siapa,positive
Emang siapa sih dia,positive
bntr lagi klarifikasi 6 jam durasi,positive
duitnya buat nambahin koleksi hermes nya??,positive
katanya suaminya ngerti agama..????,positive
gak heran sama cewee,positive
Wong Tasyi dengan buzzer,positive
"klarifikasi make ayat"" pasti??",positive
ga sebanding sm konten klo belanja wahh bayar gaji syulit ??,positive
Gakenal,positive
dia siapa si?,positive
skrg orgnya ga nongol apa lagi bikin konten klarifikasi ya?,positive
Cuakszz,positive
pdhl hedon nya pol??,positive
ini sih parahh,positive
Parah,positive
"ga kenal, siapa si",positive
agak laen emng dia,positive
tendangan,positive
Pokoknya paling kocak dah si artis ini ????,positive
ga aneh sih,positive
memang yah gk smua yg diliat di sosmed itu sama dgn realita,positive
"mau komen, tp takut ??",positive
Awalnya gue suka dia...ehh makin kesini makin kesanah,positive
"Kaga kenal, pentingkah berita ini?",positive
namanya juga orang kaya,positive
agak lain emang??,positive
Saya lelucon !!,positive
si paling pemilik kunci surga ??,positive
Cukup tau aja si,positive
Sapa sih ??,positive
waduh,positive
Araaaaab,positive
anak muda,positive
Kontloo,positive
Karma,positive
hmmm,positive
Chuaksss,positive
kardashian family cabang indo,positive
tinggal tunggu vidio klarifikasinya yg berpart² dan penuh dg hadis²nya wkwk,positive
berlagak seperti korban?,positive
ibu ratu tdk prnh salah gess??,positive
anjay,positive
Agak Laen emng orangnya,positive
lamalama kasian tau ih,positive
kurus cantik kaya berbie bgt si Tasya,positive
dia jaga nama baik nya sendiri wkwk,positive
Emang agak2 pasangan suami istri itu,positive
alergi minta maaf,positive
"lo pada sadar gasih, tuhan lg nunjukin tabiat aslinya dan suaminya ??",positive
wkwkwk,positive
Aku adalah salah satu korban kesedihan tasyi waktu itu wkwk,positive
dia sama ricis sama aja,positive
GWS TASYI,positive
ibaratnya kalo dia nabrak pintu pintunya yg hrus minta maaf ??,positive
emang paling bener adab di atas ilmu,positive
si perfexionis .. ??,positive
Para pria itu sama ??,positive
"make hadist nya sesuai mood, sitkon dan kebutuhan mereka",positive
dengernya kok gw jd ngang ngong ngang ngong sih??,positive
Aku kok bingung ya,positive
ngakak ????,positive
terlalu berlebihan juga tidak baik kan?,positive
tp kalo main ma sirkelnya pulangnya ampe subuh gimana tuch? ??,positive
terserah lo dah mo ngomong apah??,positive
Cape sangat,positive
Pembicaraan berlanjut ..,positive
Hanya tertawa ??,positive
bergaris,positive
Ngakak pol,positive
Terserah lo deh,positive
Bantal Guling ??,positive
pinter ngomong????,positive
"iye iyeee, maapin kita yg fakir ilmu ini ye tuan putri Tasyi ??",positive
standar ganda wkwkwk,positive
Cukup Laen,positive
Banyak kali ceritany,positive
Bgt??????,positive
kocak club,positive
karma yang sebenarnya,positive
sakit banget!!,positive
Anjirr Tatut Bgt SM Rak Bos dan BU Bus: ((,positive
gak menyangka gw,positive
caur wkwkw,positive
Astaghfirullah ??,positive
Di luar nurul,positive
Anak laki -laki itu,positive
Yaalha parahh sii,positive
terus gue harus bilang woooww gitu...putri sanggup biayai kuliahx sendiri....klo udah tenar aja baru deh,positive
PAS naik untuk meminta pengampunan,positive
dikata yg bisa kejepang die doang kali ya jdi warga konoha di boongin iye2 aje wkwk,positive
Itu mah di taksi palsu,positive
kok ga malu ya?,positive
yg baru ke jepang vs yg dah hidup tahunan di jepang. Nitizen harap maklum ??????,positive
bang lu nyebut shinkansen aj salah bang,positive
belagu,positive
Biasanya okb,positive
iyaaa Ibnu adalah satu satunya mahluk yang pernah pergi ke jepang??,positive
"Dia nggk salah, yg dia maksud kalo pintu nya di copot",positive
jangan hujat dia wahai warga +62. mungkin sodara kita ini tumben ke jepang. biasanya beliau naik kopaja kalo kemana mana,positive
Maruk,positive
ke jepangnya transit ke eropa dulu sama ke amrik.,positive
aq pura2 bego aja ngedengerin yaaa??,positive
ngawur....,positive
itu Sopirnya Kunci dari dalam Pintu nya jadi tukang buka Nya harus make linggis makanya mahal,positive
"Dimana mana kalau dijepang, kemana mana mah pake kereta api, gada yg pake taxi????",positive
supir di jepang : apaan anjrit kaga semahal itu ege,positive
kebiasaan ngomong tinggi ke tetangga...... kebawa2 ke sosmed.... dikira dia org sosmed ngga ada yg tau Jepang,positive
Cukup atur di sana??,positive
munkin pintu nya di copot [smile][happy],positive
pantesan org Jepang suka jln kaki??,positive
bwa ke polsek,positive
geger??,positive
"aneh bgt blm prnh kesana dan blm berangkat bisa2 nya udh spil ini itu, baru kali ini tau liat org kek gitu",positive
Di antara dia melenturkan/ menipu orang di sana wk,positive
KLO NGK BNR KN MALU BNG .... KLO NGK |,positive
"Efeknya kaya di negara orang lain, Eem Yodahla",positive
paling ditipu,positive
wajar aja jodoh itu emng cerminan diri gw fikir pendiem inget waktu istrinya dihujat karena gamau disamasamain kya att. maunya kya gigi?? diserang dah,positive
"simpel aja, dia butuh pengakuan",positive
dia ini siapa ? sumpah bru tau gua dia ada konten,positive
"susah si pemikiran mindset orang susah sama Ibnu itu beda jauh,",positive
mungkin dia di tipu wkwkwk,positive
boong. basket aku Uda tau,positive
"itu 1,4 gara² pintunya di bawa pulang",positive
AKWKWKW kasian anjer definisi bikin trik marketing tapi malah bablas eh jadi dibuli satu indo dia. Kgak tau org indo tangannya lemes diinet ya??,positive
?? Pintunya dibawa pulang,positive
"gimana mau maju,warganya aja permasalin hal yang gak ngerugiin orang lain,dan malahan kena hujat",positive
"ngawur,,,, pernah naik taksi krn kemaleman dr stasiun, habis 4000 an yen. dibagi ber empat.",positive
mungkin dia buka pintu taksi sampe lepas,positive
ya di buka gak di tutup lagi pas jalan kena trotoar ganti rugi dah????,positive
di kira nya cm dia yg bisa ke Jepang ????,positive
maka harus wow gituibnu ibn housewh??????,positive
baru kali ini liat konter kreator sampe detail bngt di jumlah nya ditulis kaya dia yang baru pernah ke jepang ajaa??,positive
buset gaji magang gue dijepang aja 13 jt an keatas.. klo gtu gue ngumpulin bwt beli motor sendiri aja sekalian..,positive
Bayangin ada orang jepang buat kebalikan masalah taksi indo juga. Pasti distich kemenparekraf. Tapi orang jepang ga mungkin ngelakuin itu si ??,positive
seharusnya klo belum tau betul jelasnya jangan di bikin konten bang .. mendingan buat konten nya kalo udh dr jepang baru ceritaa kan malu sendiri kan,positive
udah jangan di hujat dia udah minta maaf kok,positive
"kaya sih kaya tapi pamer nya gagitu juga, miss informasi.",positive
dasar generasi bangsa,positive
Putra Pak Haji,positive
kalo smpek putus kasihan yang nerusin??,positive
"dlu kaget bnget lihat becaa pake bju ini,eh skrang mah udah ga kaget stelah lihat Vidio nya??",positive
kita berdoa sj smoga anak cucu dan keluarga kita dijauhkn dr hal2 yg tdk baik,positive
g mau komen liat aja ah??,positive
"yg penting mah bulan madu dulu,,nikahnya ntar aja kalo inget??",positive
"Komentar dipenuhi dengan orang yang sempurna, dan tidak memalukan,",positive
Jaga dirimu ... kita tidak pandai padanya ..,positive
"kta nie pn nmpk bagus karena Tuhan harus mengurus aib, cukup untuk tidak menemukan kesalahan lain, fokus pada peningkatan diri ??",positive
sesudah kejadian ??,positive
Tpi ini video lamaaaaaaaaaaaaaayy,positive
leih baik nikah kluu udh cocok??,positive
"pacarnya mgkin bisa terima, tp mertua nya ?? ??",positive
kebanyakan artis kalo pacaran udah pergi liburan berdua ??,positive
cantik kak becca,positive
Viral 48 dt,positive
lihat calon menantu Bu haji hem,positive
Baju becca kaya bawah mukena gw,positive
ngak faham gue,positive
dress nya mirip rok mukena anakku??,positive
aku juga pengen beli baju kek gitu....????,positive
aku cuma fokus ke dapur nya??,positive
Pro,positive
Saya seorang rapo bagaimana ... untuk ... sebenarnya ... ??,positive
saya akan menyimpan videonya sampai gw tua ??,positive
tidak tau apa² ygy Armor nya pergi mna,positive
hadeh??????,positive
kirain mereka udah suami istriii ??,positive
Pengukuran Luchu,positive
ini yg itu,positive
ohh,positive
bukan pacaran lg kayaknya . klo yg aku liat sprti pengantin baru sih saking rukunnya??,positive
ai mirip banget sm gala,positive
Dia cantik bgt ??,positive
Layanan Lengkap ??????,positive
pasangan serasi,positive
kita sudah,positive
beca mancing tuuuu,positive
suhu,positive
"sudah pasti,??",positive
video resesi,positive
penganten baru ??,positive
nyimak ae..g akan ngehujat krn q jg pnya anak cewek...,positive
mungkinkah anak pak haji masih polos ????,positive
Komentar Hakim Akhir Hakim adalah segalanya,positive
Putra Tuan Haji adalah ziarah ... ??,positive
Udah gak penasaran lagii ??,positive
"bntar LG baju becca seperti ini banyak di live,aku langsung ke keranjang kuning ?? suka bget",positive
Aduk ????,positive
Tak Pham Doh,positive
cantik,positive
waah waah para nitizen yg sempurnna????????,positive
JD DK KEKOT SYMONE MB KITO @ ???? @KataBANGBAJYang,positive
Kita tidak harus lebih baik darinya ... manusia terendah adalah diri kita sendiri.,positive
dah ga aneh model bgnian ??????,positive
Salam Flks Kak,positive
10 minggu,positive
kasian pak haji faisal,positive
NGK tahu,positive
Ya Alllah,positive
akar ginseng itu harganya mahal loh,positive
lain kali di perpanjang vidionya??,positive
mirip nana mirdad,positive
Viral kk tu,positive
"cuek blh dgn cara pacaran anak , tapi tetp hrz d jalur yg benar ...",positive
kasihan bapaknya Rebecca,positive
Kesabaran Tuan Haji ..,positive
37detik,positive
Berita Fit,positive
bayangin dulu kalau aku yang begitu belum nikah .. kayaknya mulut tetanggaku sekarang udah muter 180 derajat,positive
baju nya Rebecca Kya sarung mukena aku,positive
lebih seru baca komen drpd liat vidionya??????,positive
namanya aja tik tok suka2 mereka aja deh,positive
suhu ????????,positive
Yg tau info,positive
Duuhhh duhh... sarung mukena itu yaa,positive
gamungkin gapernah????,positive
mana pinter lagi??,positive
@@ D ini saya,positive
yg di grup wa ya,positive
info,positive
Amazon ??,positive
artis mah pacaran liburan bareng tapi diijinin ya sama ortunya,positive
Mereka berdua dan Tuhan tahu,positive
Tidak ada komen deh ??,positive
mau heran tp mrk artis,positive
cantik ??,positive
itu menakutkan,positive
baju dinas??????,positive
pasangan dunia akhirat kata fansnya,positive
"doa yang baik"" ajah.. smoga Allah jaga anak cucu kita dari hal"" yg tidak baik",positive
Dia mengatakan putra Pak Haji,positive
perwakilan.. ????,positive
rebecca itu pemain film mermaid ga sii,positive
bergabung,positive
mampir bang,positive
Kehidupan di ibukota semua publik dan orang -orang pro tahu bahwa dia sudah cukup dan Tuhan tahu kebenarannya??????,positive
ini pakaian saya depan suami??,positive
orang tua nya udah haji ni kan.,positive
emng rebecca siapa si?,positive
Bodok,positive
semoga khusnul khotimah,positive
motor hilang di tagih bank ??,positive
banyakan komennya,positive
"""tuk tuk tuk permisi tagihan hutang bank anda""??",positive
"gimana kirim singanya , org singa hewan buas",positive
motor elit bank sulit??,positive
semoga cepet sembuh,positive
Unnellah,positive
Ya Tuhan sedang menyembuhkan orang ini,positive
streesss,positive
langsung TF aja kebeliu,positive
Hutang elite motor Syulit????????,positive
Sepeda motor mana yang bang ????????,positive
janji ga di kejar bank??,positive
"Amit ""Hahahaa",positive
bekerja,positive
Yaelah,positive
idaman polsek,positive
anjir gua kira sultan beneran ??????,positive
motor elite rumah sulit cuaksss,positive
motor elit rumah sulit,positive
Jangan jatuh cinta anjing cinta anjing,positive
mawar pun ga akan kasih apalagi singa bang??,positive
Maaf Mas Ngkang mengirimkan apa,positive
Mari Berdoalah untuk Penyembuhan Cepat ??,positive
Macanny yang sama,positive
Raja Singa??,positive
Singad2 ??????,positive
Raja Singa????,positive
???????? Singa Bang ini,positive
"udah minta, Request lagii:v",positive
?????????? ???? ????,positive
Syukurlah atas hadiahnya,positive
Cinta singa,positive
Ra Takon,positive
"Beneran mau Singa, nanti saya kirimkan Singa dari Taman Safari.",positive
Anak Banteng,positive
mengirim:??,positive
udah bang ????????,positive
emang agak laen ni orang,positive
Pekerjaan kerja mmk,positive
Pemutusan,positive
berobat,positive
ASU,positive
dia bukan tekwondo to tapi taiwondo????????,positive
maaf ini nular ga ya? soalnya ada adek yg masih kecil dirumah????,positive
kak maap gejala awalnya apa kok bisa gini,positive
Bae ah??,positive
KOREA Taekwondo??????,positive
itu bukan kelas nya??,positive
letoy??,positive
taekwondo saat latihan:??saat praktek:??,positive
Seasa Ling vs Paquito,positive
si taikondo bingung mau lawan dengan jurus apalagi??musuhnya ttp santuy,positive
"semua beladiri TERGANTUNG ORANGNYA..bukan jurusnya,bukan perguruanya,bukan gurunya,bukan padepokanya..??????",positive
cuma main kaki ya kalah to..,positive
kaya ya kasian si putih,positive
24 jam belajar taekwondo,positive
??????gudu juara karate Iki .tapi juara karambol,positive
jelas muaythai lah,positive
"beda kelas broww,,,muangtai lebih terlatih , apalagi bagian kaki"" atlet muangthai kayak besi brow??",positive
Taekwando??????,positive
Dhlah mempermalukan gw ini,positive
teakowndo lawan muaythai ??????,positive
alasan muaythai jadi counter terbaik taekwondo menurut analisa gua,positive
"jadi kasihan lawannya, sama bapak taekwondo??",positive
yg muangthai ketemu Deny aprisani seimbang kayaknya,positive
Comple adalah ??????????,positive
semua akan tidak sesuai dengan omongan pada masa lalunya ??,positive
"@Bubu ??: iye iyeee, maapin kita yg fakir ilmu ini ye tuan putri Tasyi ??",positive
@by.Nengshaa: hukum flexing kekayaan se hedon mungkin gimana ya ??,positive
@Inzhagi Potret Anant: stres,positive
@.: Ini anak saya,positive
@Warung queenby: tahik??,positive
@Pogo Kemon: Yaayaaa ahli surga paling,positive
@Din Rahmah: Lelucon,positive
@Canc3rr_ ????: sebagian besar teori ilupnye ??????,positive
@David: Eek baby,positive
@Sabil Karim: shower berpakaian,positive
@Talithaaa.cntk: Tasyi Si yang selalu kalah,positive
@Honeymoon??: anj??,positive
@Cigsaftereat: senyum terbanyak,positive
@wgwgwg: Bayu anj,positive
@human: merinding,positive
@xvyk: stres,positive
@user y: malah jadi abu,positive
@Dhomz: lebih ke rubah,positive
@ggibr4n_: tupai sumatra,positive
@ore baka: mirip gambar gua yg sapu lidi bay,positive
kerusakan nya coyyy .... gada,positive
sebelum nganggur harus gaya dulu,positive
abis kerjaaaaa kuliiii leher pada pegel belek,positive
cosplay jadi Kasino warkop hehe,positive
emang boleh se merinding inii..,positive
selengekan,positive
emang boleh se merinding ini??????,positive
Jadi Pak Tarno????,positive
merinding gua??,positive
merinding ??????,positive
Merindink,positive
merinding ampe kucing sebelah gw kaget,positive
semangat bg lu sendirian kok,positive
WKWK Uang Tua,positive
supir bang?,positive
Ini adalah MAH LCD,positive
yg manggil langsung trauma,positive
emang bole semerinding ini yak,positive
BISA AJA GOOGLE DRIVE,positive
demi allah ga boong takut banget,positive
Lah Widow APH,positive
Pekerjaan minimal Bay memiliki uang untuk membuat Glowup,positive
m3m3g,positive
Kerusakan Nya ..... Gaada,positive
aku beda karna aneh,positive
gue beda karna gue gila,positive
gua aneh karna gua gila ??????????????,positive
ada doa merinding gak sih????,positive
waduh hp gue jdi pecah,positive
"Reflec berikutnya ""ih""",positive
paling gk bisa soal salah bantal??????,positive
Old money tapi masih pedro sama coach becanda abangnya nih??,positive
"Tasyi emang ga bayar buzzer ,tapi suaminya yg bayar mwehehe??",positive
kocak lu tasyi??,positive
duta klarifikasi,positive
itu alis ngapa anjir ??,positive
abang di belakang kayak backing vocal,positive
Nunggu yg di belakang tiba2 nyanyi “fiesta chicken nugget”,positive
Kodamnya tumben kalem,positive
Buzz Lightyear Makeup,positive
Bucky Planga Plongangoo,positive
Si paling klarifkasi,positive
Yang Mulia Qatuuu??,positive
buzzernya disuruh komen kalem,positive
alisnya??,positive
"jauh anjir, ibarat yg 1 udh nyampe mars, yg satu lagi masih ngarit",positive
idola cewekkkk vs botak terkuat di bumi.. all in botak,positive
MaMaH AKu TaKuT????,positive
jadi kaya tukang bangunan bang,positive
senyumanmu bikin kebutuhan pokok naik bang,positive
Kaya ninja hatori,positive
mirip ragill,positive
"
kok bisa ya nyawanya betah",positive
malah mirip joko kendil,positive
Weiip for'un njirrr,positive
Abu Jahal,positive
@??:Tim setia laba-laba sunda,positive
@Monkey D Dragon:pantes helcurt di ban moonton,positive
@Orang Susah:senyam senyum lu kira Iklan pepsoden,positive
@ela: Nabi yang serba guna Adam??,positive
@RE IPPO:Sigit rendang: pengendali makhluk gaib,positive
sarimin,positive
aura jokernya mulai keluar nih,positive
lu gnteng klo gak senyum,positive
Apakah kamu bercanda?,positive
Adudu Bocaah,positive
Keinget Wednesday ? malam satu suro ?,positive
wednesday ketika gen bapakny dapat semua,positive
aku nahan takut sop??,positive
jumat kliwon ini mah,positive
Jatuhnya kayak nahan kedip kak drpd nahan tawa ??,positive
Harap kembalikan Adul,positive
Vibesnya napa kaya suketi sih anjir ??,positive
Rabu ??Doomsday ??,positive
Rabu?? Satu malam suro??,positive
"enid ? 
Udin ?",positive
gw cuman keliatan idungnya woii??????,positive
kasian drum nya trauma,positive
merinding gw ??,positive
gprnh gagal bikin bingung,positive
demi allah merinding anjjir,positive
@???????????????: Ini sedikit berbeda,positive
anjing bgt,positive
tai wkwkwkwkw,positive
Wkwkwkwkw,positive
idih.. zizik wkw,positive
kok bisa ya..,positive
bang mukanya bisa ditutupin stiker aja ga?,positive
astaga mba malu diliat tetangga auratnya dijaga!!!!!,positive
kerudungan tp jipon kyk ga diajarin LOLL,positive
mb maaf jigongnya keliatan,positive
udah kasian bjirrr pen ikut buli tp komenny bgni semua ??,positive
Jangan lupa sa banyak takehhh healgash,positive
gendutan?,positive
bang udah bangggggggg mending balik ke kampung inget orangtua..,positive
beliin abangnya samskrin guys,positive
ketiaknya.......,positive
behel nya warna warni ges bikin salfok,positive
kirain ada cabe nyangkut di giginya taunyaa wkwkw,positive
mba nya berharap dilirik isilop,positive
Dia adalah cara saya hanya knir,positive
Narsissssssssssss,positive
pede dulu mandi belakangan ya mas,positive
mas mas bikin geleng2kepala,positive
emang mirip ternyata,positive
Kasia Ajg Tas Nya KW Dubuli Sexagat Tiktok Wakkaka,positive
kalo gakbisa beli ori gausah beli yang KW mbak yang mampu22 aja ........ info ajaniwkeeke,positive
mbak gimana rasanya dibuli setiktok? aman???,positive
nitip dong mbak tas nya beli dimana ahahahahahah,positive
mendingan gua beli tas no merk drpd ketawan beli branded fake????,positive
baru liat orang mukanya se kotak iniiiii,positive
kurusan kakak ni jadi canti,positive
beratnya nambah ya..?? jadi imut,positive
Robek imut tidak diapus dengan,positive
ketikan orang jahat banget kakaknya cantik baget padhal,positive
baru liat cew bertompel 3d,positive
mba pasti cantik kalw tompelnya diilangin percaya deh,positive
tompelnya 3D keren sih jyujur,positive
duit mbanya banyak kok pasti mampu lah oprasi tompel,positive
itu tahi lalat.. ?kok gede BGT.. hati2 MBA takutnya kanker mendingan di cek deh,positive
neti ketikanna jahat tapi kayakanya harus cek beneran takt bahaya lohhhh,positive
nah kan abis oprasi TOMPEL langsung cantikk kk mirip berbi,positive
eh iya pangling lihat k2nya,positive
Toppel ajaibnya menghilang ... sangat menyedihkan,positive
ada yang besar tapi bukan bola akwwkaw,positive
ada yg tegak tapi bukan keadilan??,positive
di sm yuk merah .........,positive
sini duet sm sy kaa,positive
ADUHH MBAA,positive
Pidato gwe cok,positive
dekkk dekkk belajar dlu sono ky tante2,positive
Eh bociil jgn o wakwkw bagus,positive
bocilll jaman skrg ga punya adab yhh kok bisa',positive
bocil bukan sembarang bocil wkwoekwoekwoekwo,positive
make UP gw aja kalah SM bocil..,positive
Eh kok gt ya .. ytta????,positive
dasar cina,positive
gw cukup heran knp mba nya mau sm si klimis??,positive
Rambutnya sangat klinik,positive
GPP gaes doi kan paling beda DR YG lain,positive
agak laen ni org mw ngalahin cepmek,positive
Bang Lu Knp,positive
cok mau muntah anjg,positive
mual jujur,positive
MUAL BANG CUKUP,positive
gak lucu,positive
krik bgt anjir,positive
cantikcok kaksnya,positive
kalo suka bilang bang ??,positive
Yanto dan Fig,positive
kalo bilang suka bang,positive
tanggung jawab apa pun,positive
orang yang tertawa untuk dosa,positive
EMNG EEK EMNG,positive
sadar diri itu penting,positive
yang ganteng selalu menang,positive
percaya diri memang penting tapi sadar diri lebih penting.,positive
orng jlk udh pasti gagal dalam hal apapun ????,positive
aku jelek dan aku bangga,positive
parah ege,positive
Semuanya menggunakan banyak HADUUUUUH,positive
Ytim Krikil,positive
Kang melet,positive
gak boleh gitu bang,positive
lucu?,positive
kabur,positive
Jan Gitubwoy,positive
paling sempurna dah yg punya akun,positive
buat tmn2 klo punya jerawat jgn sering dipencetin ya ntar jadi bopeng?? klo udh terlanjur bopeng semuka perawatanya mahal,positive
Berdamage 0%,positive
Buset yng komen pada bawa fisik,positive
bang muka lu mirip ama mikey,positive
"makanya kalo jerawatan jgn di pencet, malah bopeng anjir",positive
Tapi kayaknya ini udah parah bgt bopengnya,positive
"nih yang pada ngatain dia ati"" loh kena karma kaya temen gua ngatain gua jerawatan eh malah dia yang jerawatan trs akunya yg sembuh wkwk",positive
ganteng,positive
ini cwo paling ganteng sedunia sampai akhirat??????,positive
omong kosong,positive
ya menikah dengan Lu,positive
bopeng,positive
pp nya mirip rendot,positive
belom pernah digebukin bang,positive
mandi 3 kali sehari bang biar nambah cakep,positive
setidak nya klo ga good looking ya good attitude bang,positive
Pend dari mencicipi,positive
komenannya? miris,positive
Gua ada Amplas kasar nih bang,positive
jan bawa fisik dong,positive
gawat dia sudah beli kuota,positive
lu ngapain bang?,positive
iya bang keren tapi janji ya ini video terakhir,positive
boleh nih buat nakutin anak kalo gamau bangun saur,positive
Saudara tidak malu pada pria yang sama begitu banyak pria,positive
Pukulin Rame2,negative
Tempat sampah aneh ini adalah keajaiban seseorang,negative
geli bang buset dah,negative
Tubuhnya bulat,negative
napasnya pasti bau ta*,negative
kalo belom di pukul ga bakal jera ni orang,negative
janda pirang? janda gendats kali??,negative
elu yang ga nyambung goblokkkkkk,negative
urusin jerawat lu dulu anj,negative
bopengnya parah bgt,negative
udah tahun 2023 tuh muka blom diberesin juga,negative
Wajah Bang Kok adalah sama,negative
Dagu'a Thin Kyk Needle,negative
cakep sih sayang aja tembem.. pipinya masa yang lain,negative
masih layak di katain nih orang,negative
muka nya template y pasaran,negative
ga kuat sama suaranya,negative
suara pick me ?? help sakit telinga gw,negative
pikmi girl cabang klaten lewat nich,negative
suaranya dibuat2 bgt lol,negative
suaranya sangat sangat menusuk gendang telingaa,negative
e jontor amat wkwk,negative
pengen ketawa liatnya wkwk setidak nya menghibur lah,positive
udah tabiatnya orang arab kea gitu wkwkkwkw,positive
balikin waktu gue yang berharga,positive
Jangan memposting VT sebelum mandi,negative
Si Wonyong Parat WKWKKWKWKWKWK,negative
makan stroberi aja dua tangan heh pikmiii pikmiii,negative
eh si pikmi keliatan lg,negative
yang pikmi aja heran ada yang lebih dari dia,negative
bocahnya kocak juga,positive
mulutnya minta di cabein,negative
tengil anjing,positive
si anj bpcah tengil bat kont,negative
bosen idup bilang aja bro,positive
Rasanya seperti Pengen di Anjim,negative
"menendang tua """,negative
cakep nya pas make masker doang wkwkw,negative
buka masker langsung zonk,negative
jadi model masker aja bisa tuh mas,positive
kacauu bisa salah sasaran nih,positive
mas mending pake masker aja ??,positive
cakep kok guys.. tp boong,negative
gakenal dan ga mau tau,positive
ga peduli SM nih orang,positive
kok mirip opet,negative
mirip monyet ragunan kak,negative
kucingnya mirip monyet..,negative
Ihh anehhhhhhhh,positive
wah ada triplek bergoyang,negative
kurus bangett mau dilirik siapasi,negative
sblm ngatain ORG ngaca dulu ka emg yakin lebih cakep?,positive
gemuk ai sia,negative
gentong berjalan tu wkw,negative
Buset,positive
Sepertinya kentut poh,negative
pantes bandel soalnya anak yteam,negative
sadar gasih mukanya udah keriput,negative
duit banyak tp perawatan sulit,negative
mba drpd dugem trs mending duitnya dipake perawatan dah,positive
CIE Pilih aku kaka nya,negative
Syap paling nakallll bos,positive
baru nakal jd norak ni org,negative
iya dah yg lain cupu lu doang yg si paling bandel,negative
norak abisss hahaha,negative
Apakah ibunya terlihat seperti perilaku putranya?,positive
anak baru bandel gini nih.. NORAK,negative
gaya nya selangit tp rumahnya jelek,negative
aduh mba mending benerin tuh plafon lu udh rembes,negative
hp doang iphone tp rumah mau ambruk,negative
gaya nya hedon tp dompet kosong haha,negative
Gaji minimal untuk hutang dlu mas,positive
jadi pelayan aja gaya lu selangit bang,negative
buset dugem tiap hari pdhl kerja nya babu,negative
gaya nya sosialita uang nya gada lol,negative
tiap hari mabok tuh.. bapak lu masih genjot becak,negative
ngaku nya old money pdhl muka nya no money,negative
kurus bgt badannya udh kyk ga pernah makan enak,negative
"GAYA nya selangit,, tp utang nye sono sini ??",negative
Muka Lu Gapantes Naek Mobil Bang ??,negative
SBNR adalah aksi kue Anda ?????,negative
"Rambutnya sangat rambut, janda? ??",negative
Saus Saus Kue Rambutnya,negative
bjir jalannya kek hewan ??,negative
itu MUKA ap aspal?? dekil amat ??,negative
MINIMAL cuci muka lah blog! bikin sakit mata liatnya,negative
Ih kaki gerobak,negative
njs keteknya item bgt,negative
"Hands Ko Buntung ,, Hey Maid",negative
yg begini udh cocok jd tumbal proyek ??,negative
ih idungnya kaya tapir ??????,negative
Mengejutkan kue wajahnya ??,negative
gigi kuning mata kuning ?? mabok tai ni org,negative
dia yg nyanyi gw yg malu ??,negative
buset suaranya kek knalpot rusak bjir ????,negative
banyak gaya luh rumah sepetak aja ????,negative
hari hari ketemu gembel,negative
apa cmn gw yg ngerasa mas nya mirip kerbau sawah?,negative
Lu Face Cake Copet of Brother,negative
buset tangannya cacat bjir,negative
si BUNTUNG bwa motor ??,negative
ni org mirip muka muka kriminal,negative
cowo ko pake crop top dunia makin aneh,negative
Hari ini sekarang salah diizinkan,positive
masker nya di pasang kaka biar cakep hehe,negative
layak mendapatkan penghinaan terhadap orang,negative
Ini sudah lama sekali,negative
ga ada yg lain apa bosen liatnya anj,negative
stop munculin ni org gw gedek tai,negative
yg dibahas ini lagiii ini lg ga bosen cok,negative
"bg gosah sok tau bikin vt bwt seru""an aj sok serius amat",negative
dikit lagi lucu ka,positive
kerjaannya banyak bacot,negative
Akun Mending Bat Sobring Dry Bat,negative
Caper Lu Tong,negative
lariii ada pikmi?? jheysen uwuw,negative
Jaileen Huwuwww ????????????,positive
definisi pikmi di dunia nyata,negative
Apasi Nek,positive
dibahas mulu,positive
perasaan di ive pikme semua anjir ??,negative
mulai,positive
"dia masuk ke lab gue, di lempar labu ukur ama pembimbing gue??",positive
AAAAAA JASON HUWUW HUWU ????,positive
"ternyata emang ada makhluk seperti ini, kukira cuma mitos",negative
tmn tmnnya pasti udah sangat amat tertekan,positive
serasa pengen ngumpul kekuatan terus lari Dari lapangan Sekencang harapan terus Di Ulti tuh sampe ulti infinitey??????,negative
"kesabaran saya yang 0% sangat diuji, bisa"" seisi kebun gue absen",positive
Pikmi anjirrr,negative
itu konsep bajunya gimane sih,positive
Gabisa kalo soal cabe cabean??,negative
Virus Aduhh Tiktok,negative
ga herman namanya aja ica,negative
Kayyak Opet,negative
ga bisa kalo soal curut,negative
paling gabisa kl soal badak bercula 1,negative
yg namanya ica emang wallahu alam semua deh(:,negative
Sprti Tante pikmi,negative
Geli Pikmi,negative
wkwkwkwk muka pikmi emang keliatan,negative
tompelnya ko di ttpin mlu si,negative
Nama yang layak nama ICA,negative
Masi School Well Widows,negative
Masih bocor sudah digunakan di sana -sini,negative
aku sebut dia burik dan pemberani,negative
Diem Lu Boti,negative
lagu bosan apa yang aku save ni huhuhuhuhuhuhuhuhuhuuuuuuuuuuuuuu,negative
kita lanjutkan saja diam ini hingga kau dan aku mengerti tidak semua kebersamaan harus melibatkan hati,negative
Saya tidak begitu mengerti jenis orang Malaysia yang tidak ingin kembali ke selang yang saya inginkan,negative
Kisahnya seperti mamat ini hari ini yang saya lihat masuk dan keluar dari hari itu tetapi hari ini saya melihat wajahnya yang asam,negative
Aku aja capek sama diriku sendiri apalagi kamu Maaf ya ',negative
"Saya mencoba berlatih kematian saya, tetapi sayangnya saya gagal karena saya agak sedih dan mudah dimaafkan",negative
Komitmen Esscontinent Hilstream Bersama Tetapi Bukan Upaya Untuk Menikah dengan Baik Meninggalkan Buang -buang Waktu,negative
Anda jahat dubu lt,negative
Saya ingin menanyakan apa yang Anda rasakan ketika Anda menyimpan uang di dana dan kemudian makan uang itu,negative
Kalo gebetan kamu ngga pernah buang ludah di jalan pacarin,negative
Jangan dekat dengan aku Aku tengah susah Nanti aku senang aku panggil,negative
Punggung miskin dengan pria dan gadis lain pergi seperti dia tidak boleh memberi perhatian sampai GF -nya membuat pria tidak,negative
idm hallo ami tolobg bantu ya huhu ini aku masalah album ku yg ga sampe sampe,negative
"Ya Tuhan, Tuhanku, kamu melindungi kedua orang tuaku ketika aku menjauh dari mereka",negative
Makan tido makan tido hari ini aku hancur di rumah di depannya,negative
Makanya tadi aku kaget lihat teman kabar nya udah menikah Dalam hati kamu kapan taarufnya kok sampai ga tercium kabarnya,negative
Pacar kamu sibuk ya kok tumben komen wassap story aku,negative
Kucin datang di bawah meja meminta makanan Anda untuk apa tidak ada skeptis.,negative
Lepaskan dia tidak ingin kamu tidak,negative
Bantuan sebelum Anda ingin mengacaukan orang yang saya cintai pertama -tama Anda pikirkan bagaimana perasaan Anda ketika seseorang mengacaukan hati Anda,negative
Biasanya wanita itu harus menjaga malaikat wajah dan kadang -kadang temperamen iblis yang tidak pernah saya hindari,negative
Saya benci pertanyaan tentang alan dengan amelia dh la tidak ada uang untuk meminjam danau cb tul pasta saya harus mendapatkan saya,negative
"24 8 18 Ulang Tahun Saudaraku, dia memintaku untuk makan aku minus karena dia lambat untuk kembali ke Ot 26 8 18 dia bertanya",negative
Kamu ga laku laku unn,negative
Saya mencoba melupakan hal itu tetapi akhirnya itu membuat saya sedih sehingga Tuhan akan kehilangan kekecewaan,negative
"Ya, Dongta Donghae, I Sings I Knump",negative
Saya juga memiliki kue 2x untuk hasil gratis,negative
Ku kira aku introvert ternyata karna nga punya uang aja jadi males ke mana mana,negative
Ini yang buat aku semakin yakin Indonesia akan damai jika di pimpin beliau,negative
Saya sangat ingin makan banyak orang ingin bahagia2,negative
"Jika Anda berisik tidak ada yang salah begitu Anda diam semuanya salah, dia sudah memiliki seseorang",negative
Aku nk walk in ajelah senang,negative
Gipewei lagi sedih nih aku seokjin Rt fllw rep pict seokjin tag klo mau doain aku juga gpp ga juga gpp,negative
YANG APA KAMU MENGABULKAN DOA KU UNTUK KLOSDONECEPATNYA OKEY KALO ITU MAU KAMU,negative
Kamu juga kan,negative
X de man benar -benar meminjam buku saya,negative
Lhaa kaann saya adalah jalan yang rendah dari waktu jahat saya banyak dan mengatakan tidak ada yang tahu cinta keberuntungan,negative
GIVE AWAY TIME Untuk merayakan ulang tahun namjoon dan ulang tahun aku aku adain give away photocard dan juga album Lov,negative
Bro imak video ini Ribka Tjiptaning penulis buku Aku Bangga Jadi Anak PKI Dia setuju PKI harus tetap ada yang pasti d,negative
Kamu adalah yang ia inginkan untuk menjadi tempat persinggahan terakhir ebesar itu harapannya kepadamu Jangan mengecew,negative
Aku dulu lahir di Jogja Jogja dijuluki kota berhati nyaman Pantes aja aku langsung pake hati kalo udah nyaman dikit,negative
Setidaknya kembali meminta maaf oke daripada menghilang dari radar masa tinggal saya tanpa pesan yang Anda ingat mudah untuk bertahan,negative
Bagaimana saya bisa tidur jika Anda masih berpikir orang yang kita cintai tidak apa -apa untuk tidur saat dia membutuhkan saya untuk tidak melakukannya,negative
karena aku kepo 11 13 20,negative
Saya sangat ingin meminta bantuan Anda untuk menemukan haji loqman bin haji azli ni mugkin Anda tidak tahu selain mugkin,negative
Her miss kan taman safari jauh yo di pasuruan Aku males nganterno Andrew kesana Kalo taman safarinya tak undang ke ru,negative
Berarti aku bener dong jawab cowok dapet 2jt nggak nih,negative
Tls followan ama aku yukk rep rt kita temenan,negative
14 modal nomad 15 ribuan dan sekotak popcorn modus mesum dilancarkan pertama tama kamu merasa aneh lama lama kamu izinkan maksiat,negative
12 y o niece Bang long dekat U belajar apa Me Islamic accounting 12 y o niece Ohh kira tasbih laa ni Hahahahahan,negative
Saat itu di sekolah guru semua jenis eh jangan bercinta sekarang di uni lagi tampan tampan yang Anda lihat sekarang,negative
apa ini,negative
Jika layanan mahal bagus untuk saya streamyx di rumah,negative
Saya pikir ini adalah viviana ketika saya berbicara tentang konten saya tidak pernah berpikir y komunitas ki,negative
Setelah menonton film Recall Time bekerja magang dengan kontraktor sebagai kuantitas,negative
Ya Allah pengen ngakak goler2 aku sama trit iniiii,negative
Tolong biarkan saya tertawa terbahak -bahak,negative
Saya tidak tahu harus berkata apa sekarang bahwa saya orang yang menyakitkan sehingga orang lain tidak menilai saya,negative
Pasti dia masih babi yang sepertinya tidak ingin aku menikahi kita.,negative
Bisaan aja kamu naruto padahal emang pengen nyium tp mukaku yg disalahin gt lt,negative
Dalam ekonomi ini anak laki -laki Anda delusional,negative
wah pas nonton berita ada yang dilamar pas wisuda jadi ingin aku tuh tapi yang nak melamar pon siape,negative
Izinkan aku mengupload ini,negative
Aku merasa seperti aku tidak bisa melakukan apapun tanpa ELFungmin,negative
Bersyukurlah sampai Anda lupa kurangnya,negative
life skang aku simplekan je aku tak suka aku tak layan itu je penat nk jaga hati org je pikir diri sendiri dlu,negative
bayangkan kalau posisi kamu lg di bwah dan orng lain melihat kita rendah karna materi yang kita punya,negative
Hidup ini adalah pilihan yang harus kamu pilih,negative
GIVEAWAY FOREPTEMBER BOYS' BDAY RULES Follow aku love video project ini Reply mau hadiah nomer brp Ucapi,negative
Tiap salam buat suami aku exo di korea paaak,negative
"Pijat ini adalah yang paling lega dari pinggang saya, saya mendengar suara RM 60 Jeans A Hakim 60 12 terbaik",negative
Setidaknya RM100 jika anak malang Anda memberitahu Anda untuk meminta amal jika Anda tidak punya cukup,negative
mau beli barang di shupe harganya sepuluh ribu tp ongkirnya 25ribu KESEL BANGET DEH WHERES THE JUSTICE THO aku jadi kayak be,negative
7 00 p m itu pagi apa malam ya Pagiudah pernah coba trik pancing memancing kayak gitu B,negative
sayang sekali lagi itu menyakitkan jadi saya harus selalu memiliki sayangku,negative
Inilah yang ingin saya coba,negative
Kalau jadi atasan gausah sombong2 deh menindas karyawan Apa kamu langsung jadi milyuner melarang orang ga masuk karena ada,negative
Aku ngatau nih bang Definisi berhasil apa nga,negative
"Saya bukan siswa yang cerdas dan pintar di dekat Anda, tetapi saya pikir 7 keterampilan bertahan hidup penting bagi Anda untuk menghadapi dunia",negative
Okaay nggapapaa Aku minta doyoung ajaa Makasih yaa,negative
Waw beliin buat aku dong,negative
Saya menerima pernikahannya dengan mas kawin pembacaan al fatihah calon istri kami akan menikah dengan saya untuk memberi al gemuk,negative
Sahabat selalu dikenal karena saya bahkan tidak bisa menceritakan kisah bahwa saya sedih mengirim lagu ini,negative
Amen Ustazah Saya sakit kepala untuk Anda menuliskan apa yang Anda terlambat ketika saya memberi tahu Anda untuk mengirim buku,negative
Aku tak tahu kenapa bila time gaduh je english aku automatic power Aku rasa time exam nanti kena gaduh dulu before jawab,negative
Td mikirnya gtu Pngn ngegas jg tp apalah aku ini hanya orng kecil tidak pnya pengaruh Jd ngegasnya sia2 kwkwkwk,negative
Saya ingin membalas email yang terlambat bagi saya untuk menyelesaikan bulan ini,negative
Saya menemukan ayat yang berguna untuk menggunakan waktu ketika Anda berada di tengah menyerah dengan sabar dibagi menjadi dua yaitu kesabaran da,negative
Semoga kamu jadi salah satu dari 3ahabat yang beruntung dapetin pulsa 50k ya Jangan lupa like dan ajak 3 teman kamu unt,negative
Jika saya ratu Anda sehingga,negative
Saya baru saja mengubah ban depan myvi sepasang RM 450 per malam,negative
Aku beria sekalipun bukannya kau nak appreciate,negative
Doa Restenance bukanlah untuk memecahkan haa zaa larizquna maa lahu min na fad sebenarnya ini adalah hadiah kami untuk Anda,positive
Makasih loh ntar kita bagi hasil aku 99 9 sisanya buat kamu,positive
Barusan liat tulisan di belakang truk rela injek kopling demi kamu bisa shopping,positive
Ya aku akan menjadi satu satunya bukan nomor satu tetapi satu satunya,positive
Her itu lho miss Kevin sama Keven rebutan gimbot Ya wis aku beli 2 ae sambil nunjuk the twins yg asik main iPad masin,positive
Iya rep gatau aku masih kelas 4 sd ehh di block,positive
Aku mohon tepatilah janjimu,positive
Bukan untuk menikah saat gatal retak tetapi lelah ketika saya kembali kepada saya bahwa saya masih lajang dan tidak bekerja,positive
Saya ingat habanero yang paling pedas tampaknya 10 kali lebih pedas gila,positive
Saya menonton drama cinta bukanlah kristal dan percakapan anak -anak dengan ayah saya sekarang semua gadis n,positive
I dont know why But these zikir sangat membantu Aku pon dapat hasil dari orang retweet ambil usaha sambil doa Insha Alla,positive
"Anda sama seperti saya, saya lebih suka",positive
YG aku butuh interaksi dari 95l 99l yuk yg line segitu kuy mutualan nanti ku follow tapi auto followback ok rt aja,positive
kau dah tak streak dengan aku pun,positive
yg selama ini nunggun video dari aku nih retweet yg mau full,positive
mau bantu aku nabung,positive
Tidak masalah jika saya seorang pacar karena saya punya teman tetapi jika Anda ingin mengeluh tentang hal itu,positive
tinggi,positive
Nanti malam ada undangan opening di hungerbelt spazio Temani aku laaaahhh siiisssss,positive
Tak peduli seperti apa hidupmu kamu selalu punya pilihan untuk melihat dari sisi baiknya atau sisi buruknya,positive
Saya sudah tahu bagaimana mendapatkan pengantin alami hahahahahahahahahaha,positive
Saya menambahkannya lagi,positive
Bagaimana cara meminta maaf ada 3 1 Saya minta maaf 2 saya akui saya salah 3 apa yang bisa saya lakukan untuk memperbaikinya,positive
"Faktanya, banyak pendekatan properti saya adalah untuk bergabung dengan kelas investasi dll",positive
Yuk netweetjen dibantu,positive
Dosen saya menyuruh saya menempelkan catatan itu di tempat yang selalu saya lihat saya tidak ingin menempelkan wajah naksir,positive
20THN Saya ingin menikah 23 dari Gini 23THN BLI 23THN BLM pada SI 24THN,positive
Saya mendengar percakapan anak sekolah saya di level saya dan saya berada di negara bagian,positive
Cara outin diri sendiri gimana sih Yang bisa outin aku aku bayar deh g,positive
GIVEAWAY Karena hari ini umur aku bertambah jadi aku ingin berbagi rules aja dan ucapkan saya wish dan screenshoo,positive
Selamat hari jumat buat kamu yg selalu bikin rindu ini kumat,positive
Saya setuju pelacur tidak pernah mengatakan yang sebenarnya mereka hanya menyebutkan mereka terkena saya tidak pernah memukul wanita selain wanita ke wanita kami,positive
Turun untuk memperpanjang delist deCelfity memberi Anda uang,positive
Mana gampaang Aku nanya dulu tauu,positive
tidak ada gf bahkan tidak imajiner gf bahkan bisa lama sekali saya sangat gila,positive
HI RAKYAT2 KU KARENA AKHIRNYAUGA POSTELCA AKU MAU GIVE AWAY ALBUM LOVE YOURSELF ANSWEREALED VERSIONNYA PILIHENDIRI E,positive
10 tahun jadi sahabat tapi punya sedikit selama 7 bulan saya tidak mengatakan apa -apa tadi malam saya robek,positive
THREADo as promised aku nk citer pengalaman aku ambik teh kurus pil kurus It was 2013 2014 mcm tu ince everyone was s,positive
Pilih salah satu Yang paling kamu nyaman,positive
Saya juga milik saya sendiri,positive
aku juga dong mbaknya link kalo Jepang main,positive
MINI GIVEAWAY berhubung aku ultah aku mau bagi rezeki pulsa 10k like aja mau mutualan boleh bgt Doain aku yaa Diundi j,positive
Mantan kamu yang brengsek itu jangan dilupain justru dijadikan pengingat bahwa kamu pernah salah pilih dan dibego bego,positive
Aryana tolong buka mata besar untuk memilih syafiq biarkan sofea bahagia dengan adrian tolong laaaaaaaa obrolan saya,positive
Hyung kamu kanibal kan ' ',positive
Buatlah cita cita kamu setinggi bintang di langit tetapi jangan lupa untuk membuat anak tangga perencanaannya,positive
Tanya saja aku,positive
ini tiga aku satu aja gapunya',positive
Hi semuanya Aku adain GIVE away nih Give away nya album BTS yg Love Yourself Answers Yey Cukup follow dan retwee,positive
Cantik dapat diakui untuk menghancurkan kesempatan untuk menolaknya sel epidermis bawang tipis jika saya mengaku hmm,positive
Aku di rumah aja' adalah anagram dari 'Besok malam minggu',positive
Jumat malam bersama 2 kawan di dalam mobil menuju sebwah apartemen diurabaya barat B gaes sorry ya Aku dan A k,positive
Aku ikut donggg,positive
cnta kmu ke aku tuh kyk fto albm tau g dbalk2 ttp aj g brbh sma ky km yg g prnh brbh untk mnjdi yg trbaik untk aku,positive
Satu gambar dapat mengucapkan ribuan kata yang saya simpan ratu ini,positive
Saya sadar bahwa saya akan pergi ke pernikahan dan kemudian banyak orang khawatir tidak bisa duduk kemudian htt,positive
Pernah dan abis itu aku ga berani bawa motor selama beberapa hari Dan pas mau bawa motor lagi gemeteran gitu,positive
Jadilah seperti aku,positive
Selalu ingatkan diri Anda untuk tidak selalu menunjukkan kegembiraan orang -orang frustrasi yang selalu saya ingat,positive
Saya berada di kampus untuk bertemu orang -orang yang setiap saat mereka takak Kono Sismei a,positive
Temen temen yg ada di Jatinangor dan sekitarnya bisa tolong dibeli ya jualan Bapak ini Beliau jual kain lap keset dsb,positive
Hahaa aku juga ga ngerti tadi tp asal jwb aja,positive
kelak jika aku menjadi orangtua yang akan kulakukan adalah meyakinkan anakku nak percaya sama ayah tidur siang itu men,positive
"Jika kalian pikir itu lucu, jangan ikuti aku, kau ratchet ass locals",positive
aku terhibur HAHAHAHAHAHAHAHAHAHAHAHA,positive
Semakin saya merasa seperti saya akan menjadi lebih baik saya lebih baik berhenti,positive
Iya Lucu emang dia aku temenan di IG,positive
Dear makhluk hidup disekitarku Kalo mau tau tanyain lgsung ke aku aja Gausah lewat orang lain Lumayan kan gak,positive
Member aku ade cite kat aku yang dibreak up dgn gf die Time dia cerita suddenly dia menangis weyh 5 tahun bersama kot,positive
"Hati saya kecewa, saya sedih saya tahu orang lain tidak tahu",positive
Kenapa begitu populer aku blur x mengerti mksd hg,positive
kak mau jugaa,positive
Mau mandi diceramahin dulu sama nyonya besar intinya sama TOBAT KAMU ABIS INIIAP KOMANDAN,positive
"Kepada suami saya, saya menyarankan untuk tidak meneruskan foto ini kepada istri saya hanya",positive
Saya tidak begitu mengerti pria tidak suka wanita memakai makeup,positive
Pencucian,positive
Guys Saya menemukan ayat yang berguna untuk menggunakan waktu ketika Anda putus asa untuk dibagi menjadi dua yaitu kesabaran,positive
Ada penjual yang memberitahu Anda untuk memegang lubang kecil dan bertahan selama 30 hari saya dh nk selama 3 bulan x hb,positive
Untuk nilai baru yang tidak mencari pekerjaan dapat mencoba berlatih ingatan dan semua doa ini berterima kasih kepada Tuhan setelah berlatih ini saya bisa,positive
Staf tua suka menemukan saya ketika saya ingin menerjemahkan bahasa Jawa hahah ingat saya seorang putra Jawa,positive
Kalau akhlak mereka lebih baik kenapa engga Kalau mereka lebih bisa menghargai melindun,positive
Terkadang Tuhan senang mengetahui bahwa sesuatu bukan untuk Anda dengan cara yang menyakitkan,positive
Beberapa gadis adalah sampah durjana,positive
Masih ingat betapa kami mulai mengenal awal saya tertawa dan akhirnya saya menangis,positive
"Jika Anda tidak ingin menjaga saya, saya bisa berhenti berpura -pura, saya bisa menjaga diri saya sendiri tanpa memaksa Anda",positive
Iya hubungin aku aja ya butuh dosa berapa banyak lagi wkwk,positive
Buat dong AKU kan juga istrinya daniel,positive
Kamu dooooooooooo ploles anjayyy,positive
Hihihihi look at the face Lepaskan aku Taknak Kau bau ikan Bagi aku mandikan dulu Namau Nameow,positive
Sejauh saya berjalan sampai Dahlia baru saja memperhatikan labcoat dalam isak dinamis,positive
Ada yang bertahan karena sayang ada juga karena terpaksa Menurut kamu kapel kamu yang mana,positive
Teman -teman hari ini saya ingin merekomendasikan film terbaik2 beberapa dari Anda mungkin tidak pernah menonton film itu lagi,positive
Sudah waktunya aku mulai menjalani hidupku sendiri Mello Death Note,positive
Jadi saya pergi ke klinik karena saya meludahkan bagan organisasi yang dia buat ingin saya pergi,positive
Sepertinya semua orang dalam foto suamiku dengan fotoku sendiri,positive
mu gemes banget adminnya Aku ga jadi marah,positive
Siang Happy Friday sholat jum'at nya jangan lupa ya aku habis ada kegiatan terus nanti ada latihan bareng Team J s,positive
Teman saya untuk tips diet untuk liburan yang baru saja dia makan untuk diet dan ketika dia naik hari itu dia kurus,positive
GT Tuhan Yesus berkata 'Aku bisa menggantikan frustrasi di hatimu dengan damai,positive
Saya berdoa agar pria yang bekerja untuk uang untuk pasangan mereka diberi kesehatan dan diberkati dengan rezeki emo,positive
Keluar airmata jantan aku baca,positive
Siapa dapat first impression macam niumpah aku ingat kau dulu sombong gila Orang pun cakap kau macam sombong Aku p,positive
aku tadi nge rt wah wah wah,positive
Pertama kali mandi kelinci saya punya yang ini setelah mengenakan pengering rambut yang mengalahkan rambut Rosmah,positive
Sebenarnya tidak ada karakteristik ketika dia mencintai seseorang dia gelap bahkan jika kita mencintainya putih kita mencintainya,positive
Di antara ayat curang terbesar 1 mid -midfield 2 otw 3 tidak belajar 4 tidak ada kredit 5 untuk menghasilkan uang,positive
Di Instagram Facebok Twitter sangat indah di depan bagian depan tidak ada yang indah untuk memberi tahu saya apa yang harus dilakukan,positive
Segitu kangennya ya mba sama aku,positive
Kamu jangan lupa sholat dzuhurnya,positive
Laa haha ??maaf2 saya mengerti,positive
receeehh ah kamu,positive
Masalah pinjaman yang lebih ringan meminjam lebih ringan jap ok ringan untuk berdiri dengan satu pompa di sini karena mereka ingin mengatakan,positive
Tidur untuk tidak membuka kipas atau udara BCS yang takut pada kucing keren akan bangun kira -kira setiap 2 jam hanya karena dia menangis,positive
"Jika kucing bisa menjadi femes lagi, saya akan melakukannya",positive
aku masih butuh selang waktu untuk mengerjakan visualnya biar mampus kalian menunggu sampai 3 kali rasain p,positive
Kok gitu sama aku,positive
kukira aku introvert ternyata juga pedopil,positive
Sekarang seseorang adalah pelacur jika mereka memposting gambar toilet apa yang terjadi pada negara ini,positive
OMG Anda tidak membuatkan saya kfc ppagi cmni,positive
Ada yg mau serius tapi aku nya masih raguuu Gmn donggg Yaudah jangan dikasih harapan dianya kasiaan,positive
Tomorrow I Will Date With Yesterday's You movie Aku download sebab katanya sedih K start movie sampai ending duk fikir t,positive
I liked a video Aku tanya pak Jokowi pakai bahasa JAWA,positive
Sama aku kapan,positive
Aku main ww deg degan mulu wkwkwk id kamu apaa,positive
KAYAK WOOJIN KESRINGAN BARENGIH DASAR ANAK KEMBAR,positive
Aku jual,positive
"Jika hewan ini benar -benar sensitif, apa yang salah dengan kucing yang Anda masukkan ke dalam pengering sampai Anda mati dia",positive
dulu waktu kecil aku bercita cita ingin menjadi seorang pengkhianat,positive
le makan samyang yuk aku udh lama ga makan samyang udh lama juga ga disayang,positive
Saya dulu malas menjemput karena saya malu meminta uang kepada orang -orang,positive
rama gak usah ganggu aku sama karya ya tolong,positive
jangan begadang jangan minum2an soda jangan kau pilih dia pilihlah aku yang mampu mencintamu lebih dari dia,positive
Pergi ke toko membawa teman saudara perempuan saya untuk menanyakan wajah anak Anda hahaha wajah saya seperti orang yang sudah menikah,positive
Aku suka mie sedap kalau di tumis ulang Pake bawang merah bawang putih telor daun bawang irisan ca,positive
Kamu sudah shalat jum'at belum,positive
Jujur saya tidak melihat bedanya,positive
rlt mutualan yu yang gamasalah aku suka rt in ga sama twt receh Rt ya dn aku ada tapi follback kalo ngga maapin ak,positive
Ina saja masih WDTV,positive
hallo td aku berselancar di twt ttg belanja di gmarket gitu trs nemu km pernah beli album di gmarket,positive
Itu bisa menjadi mantel jika saya ingin membuat cerita insta Takyah berteriak bingit di telingaku dan bahkan orang sudah dgr,positive
Orang selalu mengatakan saya lelah saat dia benar -benar sedih,positive
Saya suka wanita yang sulit ditemukan tetapi sulit ditemukan,positive
Kakak saya yang berusia 5 tahun pergi ke kamar pasta untuk roti adalah roti adalah kematian yang lebih baik,positive
Saya ingin melakukannya,positive
Pipi nya cubit pipi kamu emang mau nya di cium dmn,positive
Aku harap dia tak jual fhone 8 dia semata nak beli Xs tu,positive
"Yang terbaik adalah melihat ikan datang, saya dulu berada di dekat pulau untuk makan roti tetapi salah ikan di sini",positive
Kalo aku bacanya sih emang kamu yang ngetik ga jelas wkwkwk,positive
Aku penggemar mie burung dara Enaknya nyambung terus,positive
Berapa jauh lebih banyak dari banyak uang tanpa peta segalanya,positive
Kalen Kalen Pada Jahad Ma Aku,positive
Weyhh tolong mengerti bahwa saya sakit Anda tidak kembali kepada saya dari klinik,positive
Lebih baik aku seperti kopi yang dibiarkan membasi daripada kau sapa tapi sekedar basa basi,positive
GIVEAWAY Pulsa 20K untuk 1 orang pemenang caranya retweet dan follow akun aku aja ya Pemenang aku umumin tangga,positive
Ni kalau suami aku panggil sayang macam ni we're gonna make babies right after,positive
